scenario_id,repeat,phase,event_id,event_type,event_label,map_revision,start,goal,event_input,grid_rows,dstar_lite_elapsed_ms,dstar_lite_reported_elapsed_ms,dstar_lite_status,dstar_lite_cost,dstar_lite_processed_states,dstar_lite_queue_pops,dstar_lite_queue_pushes,dstar_lite_path,astar_elapsed_ms,astar_reported_elapsed_ms,astar_status,astar_cost,astar_processed_states,astar_queue_pops,astar_queue_pushes,astar_path
corridor-changes,1,initial,initial,initial,Initial planning,0,"[4,1]","[4,11]",{},"[""............."","".###...###..."","".###...###..."",""............."",""............."",""...###.###..."",""...###.###..."","".............""]",0.821900000,0.736700001,found,10,11,11,29,"[[4,1],[4,2],[4,3],[4,4],[4,5],[4,6],[4,7],[4,8],[4,9],[4,10],[4,11]]",0.166500000,0.159600000,found,10,11,11,26,"[[4,1],[4,2],[4,3],[4,4],[4,5],[4,6],[4,7],[4,8],[4,9],[4,10],[4,11]]"
corridor-changes,1,repair,corridor-close-center-aisle,map,Block the central aisle,1,"[4,1]","[4,11]","{""id"":""corridor-close-center-aisle"",""type"":""map"",""label"":""Block the central aisle"",""changes"":[{""cell"":[4,6],""blocked"":true}]}","[""............."","".###...###..."","".###...###..."",""............."",""......#......"",""...###.###..."",""...###.###..."","".............""]",1.586900000,1.496800000,found,12,25,49,46,"[[4,1],[3,1],[3,2],[3,3],[3,4],[3,5],[3,6],[3,7],[3,8],[3,9],[3,10],[3,11],[4,11]]",0.296900000,0.282500000,found,12,24,24,35,"[[4,1],[4,2],[4,3],[4,4],[4,5],[3,5],[3,6],[3,7],[3,8],[3,9],[3,10],[3,11],[4,11]]"
corridor-changes,1,repair,corridor-step-around-shelves,move,Move one legal step on the replanned route,1,"[3,1]","[4,11]","{""id"":""corridor-step-around-shelves"",""type"":""move"",""label"":""Move one legal step on the replanned route""}","[""............."","".###...###..."","".###...###..."",""............."",""......#......"",""...###.###..."",""...###.###..."","".............""]",0.133600000,0.125000000,found,11,0,0,0,"[[3,1],[3,2],[3,3],[3,4],[3,5],[3,6],[3,7],[3,8],[3,9],[3,10],[3,11],[4,11]]",0.243700000,0.237499999,found,11,21,21,32,"[[3,1],[3,2],[3,3],[3,4],[3,5],[3,6],[3,7],[3,8],[3,9],[3,10],[3,11],[4,11]]"
corridor-changes,1,repair,corridor-reopen-center-aisle,map,Reopen the central aisle,2,"[3,1]","[4,11]","{""id"":""corridor-reopen-center-aisle"",""type"":""map"",""label"":""Reopen the central aisle"",""changes"":[{""cell"":[4,6],""blocked"":false}]}","[""............."","".###...###..."","".###...###..."",""............."",""............."",""...###.###..."",""...###.###..."","".............""]",0.527900000,0.437200000,found,11,6,6,10,"[[3,1],[3,2],[3,3],[3,4],[3,5],[3,6],[3,7],[3,8],[3,9],[3,10],[3,11],[4,11]]",0.261600000,0.250500000,found,11,22,22,34,"[[3,1],[3,2],[3,3],[3,4],[3,5],[3,6],[3,7],[3,8],[3,9],[3,10],[3,11],[4,11]]"
corridor-changes,1,repair,corridor-continue-route,move,Continue one legal route step,2,"[3,2]","[4,11]","{""id"":""corridor-continue-route"",""type"":""move"",""label"":""Continue one legal route step""}","[""............."","".###...###..."","".###...###..."",""............."",""............."",""...###.###..."",""...###.###..."","".............""]",0.120300000,0.112500000,found,10,0,0,0,"[[3,2],[3,3],[3,4],[3,5],[3,6],[3,7],[3,8],[3,9],[3,10],[3,11],[4,11]]",0.241500000,0.235400001,found,10,20,20,31,"[[3,2],[3,3],[3,4],[3,5],[3,6],[3,7],[3,8],[3,9],[3,10],[3,11],[4,11]]"
corridor-changes,2,initial,initial,initial,Initial planning,0,"[4,1]","[4,11]",{},"[""............."","".###...###..."","".###...###..."",""............."",""............."",""...###.###..."",""...###.###..."","".............""]",0.753300000,0.703100000,found,10,11,11,29,"[[4,1],[4,2],[4,3],[4,4],[4,5],[4,6],[4,7],[4,8],[4,9],[4,10],[4,11]]",0.130600000,0.127500000,found,10,11,11,26,"[[4,1],[4,2],[4,3],[4,4],[4,5],[4,6],[4,7],[4,8],[4,9],[4,10],[4,11]]"
corridor-changes,2,repair,corridor-close-center-aisle,map,Block the central aisle,1,"[4,1]","[4,11]","{""id"":""corridor-close-center-aisle"",""type"":""map"",""label"":""Block the central aisle"",""changes"":[{""cell"":[4,6],""blocked"":true}]}","[""............."","".###...###..."","".###...###..."",""............."",""......#......"",""...###.###..."",""...###.###..."","".............""]",1.562100000,1.483500000,found,12,25,49,46,"[[4,1],[3,1],[3,2],[3,3],[3,4],[3,5],[3,6],[3,7],[3,8],[3,9],[3,10],[3,11],[4,11]]",0.283900000,0.273199999,found,12,24,24,35,"[[4,1],[4,2],[4,3],[4,4],[4,5],[3,5],[3,6],[3,7],[3,8],[3,9],[3,10],[3,11],[4,11]]"
corridor-changes,2,repair,corridor-step-around-shelves,move,Move one legal step on the replanned route,1,"[3,1]","[4,11]","{""id"":""corridor-step-around-shelves"",""type"":""move"",""label"":""Move one legal step on the replanned route""}","[""............."","".###...###..."","".###...###..."",""............."",""......#......"",""...###.###..."",""...###.###..."","".............""]",0.129200000,0.122800000,found,11,0,0,0,"[[3,1],[3,2],[3,3],[3,4],[3,5],[3,6],[3,7],[3,8],[3,9],[3,10],[3,11],[4,11]]",0.241000000,0.235600000,found,11,21,21,32,"[[3,1],[3,2],[3,3],[3,4],[3,5],[3,6],[3,7],[3,8],[3,9],[3,10],[3,11],[4,11]]"
corridor-changes,2,repair,corridor-reopen-center-aisle,map,Reopen the central aisle,2,"[3,1]","[4,11]","{""id"":""corridor-reopen-center-aisle"",""type"":""map"",""label"":""Reopen the central aisle"",""changes"":[{""cell"":[4,6],""blocked"":false}]}","[""............."","".###...###..."","".###...###..."",""............."",""............."",""...###.###..."",""...###.###..."","".............""]",0.511500000,0.434900000,found,11,6,6,10,"[[3,1],[3,2],[3,3],[3,4],[3,5],[3,6],[3,7],[3,8],[3,9],[3,10],[3,11],[4,11]]",0.257600000,0.248000000,found,11,22,22,34,"[[3,1],[3,2],[3,3],[3,4],[3,5],[3,6],[3,7],[3,8],[3,9],[3,10],[3,11],[4,11]]"
corridor-changes,2,repair,corridor-continue-route,move,Continue one legal route step,2,"[3,2]","[4,11]","{""id"":""corridor-continue-route"",""type"":""move"",""label"":""Continue one legal route step""}","[""............."","".###...###..."","".###...###..."",""............."",""............."",""...###.###..."",""...###.###..."","".............""]",0.117800000,0.111700000,found,10,0,0,0,"[[3,2],[3,3],[3,4],[3,5],[3,6],[3,7],[3,8],[3,9],[3,10],[3,11],[4,11]]",0.235900000,0.230600000,found,10,20,20,31,"[[3,2],[3,3],[3,4],[3,5],[3,6],[3,7],[3,8],[3,9],[3,10],[3,11],[4,11]]"
corridor-changes,3,initial,initial,initial,Initial planning,0,"[4,1]","[4,11]",{},"[""............."","".###...###..."","".###...###..."",""............."",""............."",""...###.###..."",""...###.###..."","".............""]",0.738000000,0.694000000,found,10,11,11,29,"[[4,1],[4,2],[4,3],[4,4],[4,5],[4,6],[4,7],[4,8],[4,9],[4,10],[4,11]]",0.130100000,0.127400001,found,10,11,11,26,"[[4,1],[4,2],[4,3],[4,4],[4,5],[4,6],[4,7],[4,8],[4,9],[4,10],[4,11]]"
corridor-changes,3,repair,corridor-close-center-aisle,map,Block the central aisle,1,"[4,1]","[4,11]","{""id"":""corridor-close-center-aisle"",""type"":""map"",""label"":""Block the central aisle"",""changes"":[{""cell"":[4,6],""blocked"":true}]}","[""............."","".###...###..."","".###...###..."",""............."",""......#......"",""...###.###..."",""...###.###..."","".............""]",1.562700000,1.485100000,found,12,25,49,46,"[[4,1],[3,1],[3,2],[3,3],[3,4],[3,5],[3,6],[3,7],[3,8],[3,9],[3,10],[3,11],[4,11]]",0.282600000,0.271999999,found,12,24,24,35,"[[4,1],[4,2],[4,3],[4,4],[4,5],[3,5],[3,6],[3,7],[3,8],[3,9],[3,10],[3,11],[4,11]]"
corridor-changes,3,repair,corridor-step-around-shelves,move,Move one legal step on the replanned route,1,"[3,1]","[4,11]","{""id"":""corridor-step-around-shelves"",""type"":""move"",""label"":""Move one legal step on the replanned route""}","[""............."","".###...###..."","".###...###..."",""............."",""......#......"",""...###.###..."",""...###.###..."","".............""]",0.129000000,0.122599999,found,11,0,0,0,"[[3,1],[3,2],[3,3],[3,4],[3,5],[3,6],[3,7],[3,8],[3,9],[3,10],[3,11],[4,11]]",0.241600000,0.236299999,found,11,21,21,32,"[[3,1],[3,2],[3,3],[3,4],[3,5],[3,6],[3,7],[3,8],[3,9],[3,10],[3,11],[4,11]]"
corridor-changes,3,repair,corridor-reopen-center-aisle,map,Reopen the central aisle,2,"[3,1]","[4,11]","{""id"":""corridor-reopen-center-aisle"",""type"":""map"",""label"":""Reopen the central aisle"",""changes"":[{""cell"":[4,6],""blocked"":false}]}","[""............."","".###...###..."","".###...###..."",""............."",""............."",""...###.###..."",""...###.###..."","".............""]",0.519100000,0.441900000,found,11,6,6,10,"[[3,1],[3,2],[3,3],[3,4],[3,5],[3,6],[3,7],[3,8],[3,9],[3,10],[3,11],[4,11]]",0.258200000,0.247900000,found,11,22,22,34,"[[3,1],[3,2],[3,3],[3,4],[3,5],[3,6],[3,7],[3,8],[3,9],[3,10],[3,11],[4,11]]"
corridor-changes,3,repair,corridor-continue-route,move,Continue one legal route step,2,"[3,2]","[4,11]","{""id"":""corridor-continue-route"",""type"":""move"",""label"":""Continue one legal route step""}","[""............."","".###...###..."","".###...###..."",""............."",""............."",""...###.###..."",""...###.###..."","".............""]",0.125000000,0.113700000,found,10,0,0,0,"[[3,2],[3,3],[3,4],[3,5],[3,6],[3,7],[3,8],[3,9],[3,10],[3,11],[4,11]]",0.233100000,0.227400000,found,10,20,20,31,"[[3,2],[3,3],[3,4],[3,5],[3,6],[3,7],[3,8],[3,9],[3,10],[3,11],[4,11]]"
corridor-changes,4,initial,initial,initial,Initial planning,0,"[4,1]","[4,11]",{},"[""............."","".###...###..."","".###...###..."",""............."",""............."",""...###.###..."",""...###.###..."","".............""]",0.739600000,0.693800000,found,10,11,11,29,"[[4,1],[4,2],[4,3],[4,4],[4,5],[4,6],[4,7],[4,8],[4,9],[4,10],[4,11]]",0.128900000,0.126100000,found,10,11,11,26,"[[4,1],[4,2],[4,3],[4,4],[4,5],[4,6],[4,7],[4,8],[4,9],[4,10],[4,11]]"
corridor-changes,4,repair,corridor-close-center-aisle,map,Block the central aisle,1,"[4,1]","[4,11]","{""id"":""corridor-close-center-aisle"",""type"":""map"",""label"":""Block the central aisle"",""changes"":[{""cell"":[4,6],""blocked"":true}]}","[""............."","".###...###..."","".###...###..."",""............."",""......#......"",""...###.###..."",""...###.###..."","".............""]",1.847200000,1.763200000,found,12,25,49,46,"[[4,1],[3,1],[3,2],[3,3],[3,4],[3,5],[3,6],[3,7],[3,8],[3,9],[3,10],[3,11],[4,11]]",0.316600000,0.292300000,found,12,24,24,35,"[[4,1],[4,2],[4,3],[4,4],[4,5],[3,5],[3,6],[3,7],[3,8],[3,9],[3,10],[3,11],[4,11]]"
corridor-changes,4,repair,corridor-step-around-shelves,move,Move one legal step on the replanned route,1,"[3,1]","[4,11]","{""id"":""corridor-step-around-shelves"",""type"":""move"",""label"":""Move one legal step on the replanned route""}","[""............."","".###...###..."","".###...###..."",""............."",""......#......"",""...###.###..."",""...###.###..."","".............""]",0.130400000,0.122900000,found,11,0,0,0,"[[3,1],[3,2],[3,3],[3,4],[3,5],[3,6],[3,7],[3,8],[3,9],[3,10],[3,11],[4,11]]",0.245000000,0.239300000,found,11,21,21,32,"[[3,1],[3,2],[3,3],[3,4],[3,5],[3,6],[3,7],[3,8],[3,9],[3,10],[3,11],[4,11]]"
corridor-changes,4,repair,corridor-reopen-center-aisle,map,Reopen the central aisle,2,"[3,1]","[4,11]","{""id"":""corridor-reopen-center-aisle"",""type"":""map"",""label"":""Reopen the central aisle"",""changes"":[{""cell"":[4,6],""blocked"":false}]}","[""............."","".###...###..."","".###...###..."",""............."",""............."",""...###.###..."",""...###.###..."","".............""]",0.551000000,0.469900000,found,11,6,6,10,"[[3,1],[3,2],[3,3],[3,4],[3,5],[3,6],[3,7],[3,8],[3,9],[3,10],[3,11],[4,11]]",0.261900000,0.251200000,found,11,22,22,34,"[[3,1],[3,2],[3,3],[3,4],[3,5],[3,6],[3,7],[3,8],[3,9],[3,10],[3,11],[4,11]]"
corridor-changes,4,repair,corridor-continue-route,move,Continue one legal route step,2,"[3,2]","[4,11]","{""id"":""corridor-continue-route"",""type"":""move"",""label"":""Continue one legal route step""}","[""............."","".###...###..."","".###...###..."",""............."",""............."",""...###.###..."",""...###.###..."","".............""]",0.116800000,0.110700000,found,10,0,0,0,"[[3,2],[3,3],[3,4],[3,5],[3,6],[3,7],[3,8],[3,9],[3,10],[3,11],[4,11]]",0.239000000,0.233799999,found,10,20,20,31,"[[3,2],[3,3],[3,4],[3,5],[3,6],[3,7],[3,8],[3,9],[3,10],[3,11],[4,11]]"
corridor-changes,5,initial,initial,initial,Initial planning,0,"[4,1]","[4,11]",{},"[""............."","".###...###..."","".###...###..."",""............."",""............."",""...###.###..."",""...###.###..."","".............""]",0.741700000,0.690100000,found,10,11,11,29,"[[4,1],[4,2],[4,3],[4,4],[4,5],[4,6],[4,7],[4,8],[4,9],[4,10],[4,11]]",0.129400000,0.126600000,found,10,11,11,26,"[[4,1],[4,2],[4,3],[4,4],[4,5],[4,6],[4,7],[4,8],[4,9],[4,10],[4,11]]"
corridor-changes,5,repair,corridor-close-center-aisle,map,Block the central aisle,1,"[4,1]","[4,11]","{""id"":""corridor-close-center-aisle"",""type"":""map"",""label"":""Block the central aisle"",""changes"":[{""cell"":[4,6],""blocked"":true}]}","[""............."","".###...###..."","".###...###..."",""............."",""......#......"",""...###.###..."",""...###.###..."","".............""]",1.561100000,1.481400000,found,12,25,49,46,"[[4,1],[3,1],[3,2],[3,3],[3,4],[3,5],[3,6],[3,7],[3,8],[3,9],[3,10],[3,11],[4,11]]",0.278000000,0.267400000,found,12,24,24,35,"[[4,1],[4,2],[4,3],[4,4],[4,5],[3,5],[3,6],[3,7],[3,8],[3,9],[3,10],[3,11],[4,11]]"
corridor-changes,5,repair,corridor-step-around-shelves,move,Move one legal step on the replanned route,1,"[3,1]","[4,11]","{""id"":""corridor-step-around-shelves"",""type"":""move"",""label"":""Move one legal step on the replanned route""}","[""............."","".###...###..."","".###...###..."",""............."",""......#......"",""...###.###..."",""...###.###..."","".............""]",0.128000000,0.121800001,found,11,0,0,0,"[[3,1],[3,2],[3,3],[3,4],[3,5],[3,6],[3,7],[3,8],[3,9],[3,10],[3,11],[4,11]]",0.239500000,0.234200000,found,11,21,21,32,"[[3,1],[3,2],[3,3],[3,4],[3,5],[3,6],[3,7],[3,8],[3,9],[3,10],[3,11],[4,11]]"
corridor-changes,5,repair,corridor-reopen-center-aisle,map,Reopen the central aisle,2,"[3,1]","[4,11]","{""id"":""corridor-reopen-center-aisle"",""type"":""map"",""label"":""Reopen the central aisle"",""changes"":[{""cell"":[4,6],""blocked"":false}]}","[""............."","".###...###..."","".###...###..."",""............."",""............."",""...###.###..."",""...###.###..."","".............""]",0.518000000,0.440400000,found,11,6,6,10,"[[3,1],[3,2],[3,3],[3,4],[3,5],[3,6],[3,7],[3,8],[3,9],[3,10],[3,11],[4,11]]",0.257000000,0.247100000,found,11,22,22,34,"[[3,1],[3,2],[3,3],[3,4],[3,5],[3,6],[3,7],[3,8],[3,9],[3,10],[3,11],[4,11]]"
corridor-changes,5,repair,corridor-continue-route,move,Continue one legal route step,2,"[3,2]","[4,11]","{""id"":""corridor-continue-route"",""type"":""move"",""label"":""Continue one legal route step""}","[""............."","".###...###..."","".###...###..."",""............."",""............."",""...###.###..."",""...###.###..."","".............""]",0.117200000,0.110999999,found,10,0,0,0,"[[3,2],[3,3],[3,4],[3,5],[3,6],[3,7],[3,8],[3,9],[3,10],[3,11],[4,11]]",0.228000000,0.223100000,found,10,20,20,31,"[[3,2],[3,3],[3,4],[3,5],[3,6],[3,7],[3,8],[3,9],[3,10],[3,11],[4,11]]"
movement-reuse,1,initial,initial,initial,Initial planning,0,"[5,1]","[10,22]",{},"[""........................"",""..###..###...###...###.."",""..###..###...###...###.."",""..###..###...###...###.."",""..###..###...###...###.."",""........................"",""..###..###...###...###.."",""..###..###...###...###.."",""..###..###...###...###.."",""..###..###...###...###.."",""........................"",""..###..###...###...###.."",""..###..###...###...###.."",""..###..###...###...###.."",""..###..###...###...###.."",""........................""]",6.088100000,4.797099999,found,26,84,113,145,"[[5,1],[5,2],[5,3],[5,4],[5,5],[5,6],[5,7],[5,8],[5,9],[5,10],[5,11],[5,12],[5,13],[5,14],[5,15],[5,16],[5,17],[5,18],[5,19],[5,20],[5,21],[5,22],[6,22],[7,22],[8,22],[9,22],[10,22]]",0.982200000,0.976100000,found,26,84,84,114,"[[5,1],[5,2],[5,3],[5,4],[5,5],[5,6],[5,7],[5,8],[5,9],[5,10],[5,11],[5,12],[5,13],[5,14],[5,15],[5,16],[5,17],[5,18],[5,19],[5,20],[5,21],[5,22],[6,22],[7,22],[8,22],[9,22],[10,22]]"
movement-reuse,1,repair,movement-step-one,move,Advance one legal route step,0,"[5,2]","[10,22]","{""id"":""movement-step-one"",""type"":""move"",""label"":""Advance one legal route step""}","[""........................"",""..###..###...###...###.."",""..###..###...###...###.."",""..###..###...###...###.."",""..###..###...###...###.."",""........................"",""..###..###...###...###.."",""..###..###...###...###.."",""..###..###...###...###.."",""..###..###...###...###.."",""........................"",""..###..###...###...###.."",""..###..###...###...###.."",""..###..###...###...###.."",""..###..###...###...###.."",""........................""]",0.283800000,0.276000000,found,25,0,0,0,"[[5,2],[5,3],[5,4],[5,5],[5,6],[5,7],[5,8],[5,9],[5,10],[5,11],[5,12],[5,13],[5,14],[5,15],[5,16],[5,17],[5,18],[5,19],[5,20],[5,21],[5,22],[6,22],[7,22],[8,22],[9,22],[10,22]]",0.861000000,0.853800000,found,25,75,75,99,"[[5,2],[5,3],[5,4],[5,5],[5,6],[5,7],[5,8],[5,9],[5,10],[5,11],[5,12],[5,13],[5,14],[5,15],[5,16],[5,17],[5,18],[5,19],[5,20],[5,21],[5,22],[6,22],[7,22],[8,22],[9,22],[10,22]]"
movement-reuse,1,repair,movement-close-east-cell,map,Close a cell in the cross-aisle,1,"[5,2]","[10,22]","{""id"":""movement-close-east-cell"",""type"":""map"",""label"":""Close a cell in the cross-aisle"",""changes"":[{""cell"":[5,18],""blocked"":true}]}","[""........................"",""..###..###...###...###.."",""..###..###...###...###.."",""..###..###...###...###.."",""..###..###...###...###.."",""..................#....."",""..###..###...###...###.."",""..###..###...###...###.."",""..###..###...###...###.."",""..###..###...###...###.."",""........................"",""..###..###...###...###.."",""..###..###...###...###.."",""..###..###...###...###.."",""..###..###...###...###.."",""........................""]",0.442500000,0.340000001,found,25,1,1,1,"[[5,2],[5,3],[5,4],[5,5],[5,6],[5,7],[5,8],[5,9],[5,10],[5,11],[5,12],[5,13],[5,14],[5,15],[5,16],[5,17],[6,17],[6,18],[7,18],[8,18],[9,18],[10,18],[10,19],[10,20],[10,21],[10,22]]",0.750200000,0.738000001,found,25,66,66,83,"[[5,2],[5,3],[5,4],[5,5],[5,6],[5,7],[5,8],[5,9],[5,10],[5,11],[5,12],[5,13],[5,14],[5,15],[5,16],[5,17],[6,17],[6,18],[7,18],[8,18],[9,18],[10,18],[10,19],[10,20],[10,21],[10,22]]"
movement-reuse,1,repair,movement-step-two,move,Advance one legal route step,1,"[5,3]","[10,22]","{""id"":""movement-step-two"",""type"":""move"",""label"":""Advance one legal route step""}","[""........................"",""..###..###...###...###.."",""..###..###...###...###.."",""..###..###...###...###.."",""..###..###...###...###.."",""..................#....."",""..###..###...###...###.."",""..###..###...###...###.."",""..###..###...###...###.."",""..###..###...###...###.."",""........................"",""..###..###...###...###.."",""..###..###...###...###.."",""..###..###...###...###.."",""..###..###...###...###.."",""........................""]",0.272600000,0.264900000,found,24,0,0,0,"[[5,3],[5,4],[5,5],[5,6],[5,7],[5,8],[5,9],[5,10],[5,11],[5,12],[5,13],[5,14],[5,15],[5,16],[5,17],[6,17],[6,18],[7,18],[8,18],[9,18],[10,18],[10,19],[10,20],[10,21],[10,22]]",0.724300000,0.717899999,found,24,65,65,82,"[[5,3],[5,4],[5,5],[5,6],[5,7],[5,8],[5,9],[5,10],[5,11],[5,12],[5,13],[5,14],[5,15],[5,16],[5,17],[6,17],[6,18],[7,18],[8,18],[9,18],[10,18],[10,19],[10,20],[10,21],[10,22]]"
movement-reuse,1,repair,movement-step-three,move,Advance one more legal route step,1,"[5,4]","[10,22]","{""id"":""movement-step-three"",""type"":""move"",""label"":""Advance one more legal route step""}","[""........................"",""..###..###...###...###.."",""..###..###...###...###.."",""..###..###...###...###.."",""..###..###...###...###.."",""..................#....."",""..###..###...###...###.."",""..###..###...###...###.."",""..###..###...###...###.."",""..###..###...###...###.."",""........................"",""..###..###...###...###.."",""..###..###...###...###.."",""..###..###...###...###.."",""..###..###...###...###.."",""........................""]",0.258700000,0.252600000,found,23,0,0,0,"[[5,4],[5,5],[5,6],[5,7],[5,8],[5,9],[5,10],[5,11],[5,12],[5,13],[5,14],[5,15],[5,16],[5,17],[6,17],[6,18],[7,18],[8,18],[9,18],[10,18],[10,19],[10,20],[10,21],[10,22]]",0.720700000,0.714800000,found,23,64,64,81,"[[5,4],[5,5],[5,6],[5,7],[5,8],[5,9],[5,10],[5,11],[5,12],[5,13],[5,14],[5,15],[5,16],[5,17],[6,17],[6,18],[7,18],[8,18],[9,18],[10,18],[10,19],[10,20],[10,21],[10,22]]"
movement-reuse,1,repair,movement-reopen-east-cell,map,Reopen the cross-aisle cell,2,"[5,4]","[10,22]","{""id"":""movement-reopen-east-cell"",""type"":""map"",""label"":""Reopen the cross-aisle cell"",""changes"":[{""cell"":[5,18],""blocked"":false}]}","[""........................"",""..###..###...###...###.."",""..###..###...###...###.."",""..###..###...###...###.."",""..###..###...###...###.."",""........................"",""..###..###...###...###.."",""..###..###...###...###.."",""..###..###...###...###.."",""..###..###...###...###.."",""........................"",""..###..###...###...###.."",""..###..###...###...###.."",""..###..###...###...###.."",""..###..###...###...###.."",""........................""]",0.392700000,0.308400000,found,23,1,1,2,"[[5,4],[5,5],[5,6],[5,7],[5,8],[5,9],[5,10],[5,11],[5,12],[5,13],[5,14],[5,15],[5,16],[5,17],[5,18],[5,19],[5,20],[5,21],[5,22],[6,22],[7,22],[8,22],[9,22],[10,22]]",0.827200000,0.816799999,found,23,73,73,97,"[[5,4],[5,5],[5,6],[5,7],[5,8],[5,9],[5,10],[5,11],[5,12],[5,13],[5,14],[5,15],[5,16],[5,17],[5,18],[5,19],[5,20],[5,21],[5,22],[6,22],[7,22],[8,22],[9,22],[10,22]]"
movement-reuse,1,repair,movement-step-four,move,Advance one legal route step,2,"[5,5]","[10,22]","{""id"":""movement-step-four"",""type"":""move"",""label"":""Advance one legal route step""}","[""........................"",""..###..###...###...###.."",""..###..###...###...###.."",""..###..###...###...###.."",""..###..###...###...###.."",""........................"",""..###..###...###...###.."",""..###..###...###...###.."",""..###..###...###...###.."",""..###..###...###...###.."",""........................"",""..###..###...###...###.."",""..###..###...###...###.."",""..###..###...###...###.."",""..###..###...###...###.."",""........................""]",0.254700000,0.248400000,found,22,0,0,0,"[[5,5],[5,6],[5,7],[5,8],[5,9],[5,10],[5,11],[5,12],[5,13],[5,14],[5,15],[5,16],[5,17],[5,18],[5,19],[5,20],[5,21],[5,22],[6,22],[7,22],[8,22],[9,22],[10,22]]",0.808300000,0.802199999,found,22,72,72,96,"[[5,5],[5,6],[5,7],[5,8],[5,9],[5,10],[5,11],[5,12],[5,13],[5,14],[5,15],[5,16],[5,17],[5,18],[5,19],[5,20],[5,21],[5,22],[6,22],[7,22],[8,22],[9,22],[10,22]]"
movement-reuse,1,repair,movement-close-center-cell,map,Close another cross-aisle cell,3,"[5,5]","[10,22]","{""id"":""movement-close-center-cell"",""type"":""map"",""label"":""Close another cross-aisle cell"",""changes"":[{""cell"":[5,12],""blocked"":true}]}","[""........................"",""..###..###...###...###.."",""..###..###...###...###.."",""..###..###...###...###.."",""..###..###...###...###.."",""............#..........."",""..###..###...###...###.."",""..###..###...###...###.."",""..###..###...###...###.."",""..###..###...###...###.."",""........................"",""..###..###...###...###.."",""..###..###...###...###.."",""..###..###...###...###.."",""..###..###...###...###.."",""........................""]",0.380300000,0.302900000,found,22,1,1,1,"[[5,5],[5,6],[5,7],[5,8],[5,9],[5,10],[5,11],[6,11],[6,12],[7,12],[8,12],[9,12],[10,12],[10,13],[10,14],[10,15],[10,16],[10,17],[10,18],[10,19],[10,20],[10,21],[10,22]]",0.526200000,0.515800000,found,22,45,45,62,"[[5,5],[5,6],[5,7],[5,8],[5,9],[5,10],[5,11],[6,11],[6,12],[7,12],[8,12],[9,12],[10,12],[10,13],[10,14],[10,15],[10,16],[10,17],[10,18],[10,19],[10,20],[10,21],[10,22]]"
movement-reuse,1,repair,movement-step-five,move,Advance one legal route step,3,"[5,6]","[10,22]","{""id"":""movement-step-five"",""type"":""move"",""label"":""Advance one legal route step""}","[""........................"",""..###..###...###...###.."",""..###..###...###...###.."",""..###..###...###...###.."",""..###..###...###...###.."",""............#..........."",""..###..###...###...###.."",""..###..###...###...###.."",""..###..###...###...###.."",""..###..###...###...###.."",""........................"",""..###..###...###...###.."",""..###..###...###...###.."",""..###..###...###...###.."",""..###..###...###...###.."",""........................""]",0.242900000,0.236000000,found,21,0,0,0,"[[5,6],[5,7],[5,8],[5,9],[5,10],[5,11],[6,11],[6,12],[7,12],[8,12],[9,12],[10,12],[10,13],[10,14],[10,15],[10,16],[10,17],[10,18],[10,19],[10,20],[10,21],[10,22]]",0.442500000,0.436200000,found,21,39,39,58,"[[5,6],[5,7],[5,8],[5,9],[5,10],[5,11],[6,11],[6,12],[7,12],[8,12],[9,12],[10,12],[10,13],[10,14],[10,15],[10,16],[10,17],[10,18],[10,19],[10,20],[10,21],[10,22]]"
movement-reuse,1,repair,movement-reopen-center-cell,map,Reopen the cross-aisle cell,4,"[5,6]","[10,22]","{""id"":""movement-reopen-center-cell"",""type"":""map"",""label"":""Reopen the cross-aisle cell"",""changes"":[{""cell"":[5,12],""blocked"":false}]}","[""........................"",""..###..###...###...###.."",""..###..###...###...###.."",""..###..###...###...###.."",""..###..###...###...###.."",""........................"",""..###..###...###...###.."",""..###..###...###...###.."",""..###..###...###...###.."",""..###..###...###...###.."",""........................"",""..###..###...###...###.."",""..###..###...###...###.."",""..###..###...###...###.."",""..###..###...###...###.."",""........................""]",0.360200000,0.283099999,found,21,1,1,2,"[[5,6],[5,7],[5,8],[5,9],[5,10],[5,11],[5,12],[5,13],[5,14],[5,15],[5,16],[5,17],[5,18],[5,19],[5,20],[5,21],[5,22],[6,22],[7,22],[8,22],[9,22],[10,22]]",0.753300000,0.743000001,found,21,66,66,92,"[[5,6],[5,7],[5,8],[5,9],[5,10],[5,11],[5,12],[5,13],[5,14],[5,15],[5,16],[5,17],[5,18],[5,19],[5,20],[5,21],[5,22],[6,22],[7,22],[8,22],[9,22],[10,22]]"
movement-reuse,1,repair,movement-step-six,move,Advance one final legal route step,4,"[5,7]","[10,22]","{""id"":""movement-step-six"",""type"":""move"",""label"":""Advance one final legal route step""}","[""........................"",""..###..###...###...###.."",""..###..###...###...###.."",""..###..###...###...###.."",""..###..###...###...###.."",""........................"",""..###..###...###...###.."",""..###..###...###...###.."",""..###..###...###...###.."",""..###..###...###...###.."",""........................"",""..###..###...###...###.."",""..###..###...###...###.."",""..###..###...###...###.."",""..###..###...###...###.."",""........................""]",0.228300000,0.220900000,found,20,0,0,0,"[[5,7],[5,8],[5,9],[5,10],[5,11],[5,12],[5,13],[5,14],[5,15],[5,16],[5,17],[5,18],[5,19],[5,20],[5,21],[5,22],[6,22],[7,22],[8,22],[9,22],[10,22]]",0.640100000,0.634000000,found,20,57,57,77,"[[5,7],[5,8],[5,9],[5,10],[5,11],[5,12],[5,13],[5,14],[5,15],[5,16],[5,17],[5,18],[5,19],[5,20],[5,21],[5,22],[6,22],[7,22],[8,22],[9,22],[10,22]]"
movement-reuse,2,initial,initial,initial,Initial planning,0,"[5,1]","[10,22]",{},"[""........................"",""..###..###...###...###.."",""..###..###...###...###.."",""..###..###...###...###.."",""..###..###...###...###.."",""........................"",""..###..###...###...###.."",""..###..###...###...###.."",""..###..###...###...###.."",""..###..###...###...###.."",""........................"",""..###..###...###...###.."",""..###..###...###...###.."",""..###..###...###...###.."",""..###..###...###...###.."",""........................""]",4.943300000,4.755299999,found,26,84,113,145,"[[5,1],[5,2],[5,3],[5,4],[5,5],[5,6],[5,7],[5,8],[5,9],[5,10],[5,11],[5,12],[5,13],[5,14],[5,15],[5,16],[5,17],[5,18],[5,19],[5,20],[5,21],[5,22],[6,22],[7,22],[8,22],[9,22],[10,22]]",0.946500000,0.941800000,found,26,84,84,114,"[[5,1],[5,2],[5,3],[5,4],[5,5],[5,6],[5,7],[5,8],[5,9],[5,10],[5,11],[5,12],[5,13],[5,14],[5,15],[5,16],[5,17],[5,18],[5,19],[5,20],[5,21],[5,22],[6,22],[7,22],[8,22],[9,22],[10,22]]"
movement-reuse,2,repair,movement-step-one,move,Advance one legal route step,0,"[5,2]","[10,22]","{""id"":""movement-step-one"",""type"":""move"",""label"":""Advance one legal route step""}","[""........................"",""..###..###...###...###.."",""..###..###...###...###.."",""..###..###...###...###.."",""..###..###...###...###.."",""........................"",""..###..###...###...###.."",""..###..###...###...###.."",""..###..###...###...###.."",""..###..###...###...###.."",""........................"",""..###..###...###...###.."",""..###..###...###...###.."",""..###..###...###...###.."",""..###..###...###...###.."",""........................""]",0.284600000,0.277800000,found,25,0,0,0,"[[5,2],[5,3],[5,4],[5,5],[5,6],[5,7],[5,8],[5,9],[5,10],[5,11],[5,12],[5,13],[5,14],[5,15],[5,16],[5,17],[5,18],[5,19],[5,20],[5,21],[5,22],[6,22],[7,22],[8,22],[9,22],[10,22]]",0.850100000,0.843900000,found,25,75,75,99,"[[5,2],[5,3],[5,4],[5,5],[5,6],[5,7],[5,8],[5,9],[5,10],[5,11],[5,12],[5,13],[5,14],[5,15],[5,16],[5,17],[5,18],[5,19],[5,20],[5,21],[5,22],[6,22],[7,22],[8,22],[9,22],[10,22]]"
movement-reuse,2,repair,movement-close-east-cell,map,Close a cell in the cross-aisle,1,"[5,2]","[10,22]","{""id"":""movement-close-east-cell"",""type"":""map"",""label"":""Close a cell in the cross-aisle"",""changes"":[{""cell"":[5,18],""blocked"":true}]}","[""........................"",""..###..###...###...###.."",""..###..###...###...###.."",""..###..###...###...###.."",""..###..###...###...###.."",""..................#....."",""..###..###...###...###.."",""..###..###...###...###.."",""..###..###...###...###.."",""..###..###...###...###.."",""........................"",""..###..###...###...###.."",""..###..###...###...###.."",""..###..###...###...###.."",""..###..###...###...###.."",""........................""]",0.418900000,0.338999999,found,25,1,1,1,"[[5,2],[5,3],[5,4],[5,5],[5,6],[5,7],[5,8],[5,9],[5,10],[5,11],[5,12],[5,13],[5,14],[5,15],[5,16],[5,17],[6,17],[6,18],[7,18],[8,18],[9,18],[10,18],[10,19],[10,20],[10,21],[10,22]]",0.738600000,0.728200000,found,25,66,66,83,"[[5,2],[5,3],[5,4],[5,5],[5,6],[5,7],[5,8],[5,9],[5,10],[5,11],[5,12],[5,13],[5,14],[5,15],[5,16],[5,17],[6,17],[6,18],[7,18],[8,18],[9,18],[10,18],[10,19],[10,20],[10,21],[10,22]]"
movement-reuse,2,repair,movement-step-two,move,Advance one legal route step,1,"[5,3]","[10,22]","{""id"":""movement-step-two"",""type"":""move"",""label"":""Advance one legal route step""}","[""........................"",""..###..###...###...###.."",""..###..###...###...###.."",""..###..###...###...###.."",""..###..###...###...###.."",""..................#....."",""..###..###...###...###.."",""..###..###...###...###.."",""..###..###...###...###.."",""..###..###...###...###.."",""........................"",""..###..###...###...###.."",""..###..###...###...###.."",""..###..###...###...###.."",""..###..###...###...###.."",""........................""]",0.268400000,0.262199999,found,24,0,0,0,"[[5,3],[5,4],[5,5],[5,6],[5,7],[5,8],[5,9],[5,10],[5,11],[5,12],[5,13],[5,14],[5,15],[5,16],[5,17],[6,17],[6,18],[7,18],[8,18],[9,18],[10,18],[10,19],[10,20],[10,21],[10,22]]",0.730500000,0.724699999,found,24,65,65,82,"[[5,3],[5,4],[5,5],[5,6],[5,7],[5,8],[5,9],[5,10],[5,11],[5,12],[5,13],[5,14],[5,15],[5,16],[5,17],[6,17],[6,18],[7,18],[8,18],[9,18],[10,18],[10,19],[10,20],[10,21],[10,22]]"
movement-reuse,2,repair,movement-step-three,move,Advance one more legal route step,1,"[5,4]","[10,22]","{""id"":""movement-step-three"",""type"":""move"",""label"":""Advance one more legal route step""}","[""........................"",""..###..###...###...###.."",""..###..###...###...###.."",""..###..###...###...###.."",""..###..###...###...###.."",""..................#....."",""..###..###...###...###.."",""..###..###...###...###.."",""..###..###...###...###.."",""..###..###...###...###.."",""........................"",""..###..###...###...###.."",""..###..###...###...###.."",""..###..###...###...###.."",""..###..###...###...###.."",""........................""]",0.258100000,0.252100001,found,23,0,0,0,"[[5,4],[5,5],[5,6],[5,7],[5,8],[5,9],[5,10],[5,11],[5,12],[5,13],[5,14],[5,15],[5,16],[5,17],[6,17],[6,18],[7,18],[8,18],[9,18],[10,18],[10,19],[10,20],[10,21],[10,22]]",0.711300000,0.705699999,found,23,64,64,81,"[[5,4],[5,5],[5,6],[5,7],[5,8],[5,9],[5,10],[5,11],[5,12],[5,13],[5,14],[5,15],[5,16],[5,17],[6,17],[6,18],[7,18],[8,18],[9,18],[10,18],[10,19],[10,20],[10,21],[10,22]]"
movement-reuse,2,repair,movement-reopen-east-cell,map,Reopen the cross-aisle cell,2,"[5,4]","[10,22]","{""id"":""movement-reopen-east-cell"",""type"":""map"",""label"":""Reopen the cross-aisle cell"",""changes"":[{""cell"":[5,18],""blocked"":false}]}","[""........................"",""..###..###...###...###.."",""..###..###...###...###.."",""..###..###...###...###.."",""..###..###...###...###.."",""........................"",""..###..###...###...###.."",""..###..###...###...###.."",""..###..###...###...###.."",""..###..###...###...###.."",""........................"",""..###..###...###...###.."",""..###..###...###...###.."",""..###..###...###...###.."",""..###..###...###...###.."",""........................""]",0.391200000,0.310400001,found,23,1,1,2,"[[5,4],[5,5],[5,6],[5,7],[5,8],[5,9],[5,10],[5,11],[5,12],[5,13],[5,14],[5,15],[5,16],[5,17],[5,18],[5,19],[5,20],[5,21],[5,22],[6,22],[7,22],[8,22],[9,22],[10,22]]",0.820500000,0.810100000,found,23,73,73,97,"[[5,4],[5,5],[5,6],[5,7],[5,8],[5,9],[5,10],[5,11],[5,12],[5,13],[5,14],[5,15],[5,16],[5,17],[5,18],[5,19],[5,20],[5,21],[5,22],[6,22],[7,22],[8,22],[9,22],[10,22]]"
movement-reuse,2,repair,movement-step-four,move,Advance one legal route step,2,"[5,5]","[10,22]","{""id"":""movement-step-four"",""type"":""move"",""label"":""Advance one legal route step""}","[""........................"",""..###..###...###...###.."",""..###..###...###...###.."",""..###..###...###...###.."",""..###..###...###...###.."",""........................"",""..###..###...###...###.."",""..###..###...###...###.."",""..###..###...###...###.."",""..###..###...###...###.."",""........................"",""..###..###...###...###.."",""..###..###...###...###.."",""..###..###...###...###.."",""..###..###...###...###.."",""........................""]",0.247300000,0.241200000,found,22,0,0,0,"[[5,5],[5,6],[5,7],[5,8],[5,9],[5,10],[5,11],[5,12],[5,13],[5,14],[5,15],[5,16],[5,17],[5,18],[5,19],[5,20],[5,21],[5,22],[6,22],[7,22],[8,22],[9,22],[10,22]]",0.812100000,0.805900000,found,22,72,72,96,"[[5,5],[5,6],[5,7],[5,8],[5,9],[5,10],[5,11],[5,12],[5,13],[5,14],[5,15],[5,16],[5,17],[5,18],[5,19],[5,20],[5,21],[5,22],[6,22],[7,22],[8,22],[9,22],[10,22]]"
movement-reuse,2,repair,movement-close-center-cell,map,Close another cross-aisle cell,3,"[5,5]","[10,22]","{""id"":""movement-close-center-cell"",""type"":""map"",""label"":""Close another cross-aisle cell"",""changes"":[{""cell"":[5,12],""blocked"":true}]}","[""........................"",""..###..###...###...###.."",""..###..###...###...###.."",""..###..###...###...###.."",""..###..###...###...###.."",""............#..........."",""..###..###...###...###.."",""..###..###...###...###.."",""..###..###...###...###.."",""..###..###...###...###.."",""........................"",""..###..###...###...###.."",""..###..###...###...###.."",""..###..###...###...###.."",""..###..###...###...###.."",""........................""]",0.386400000,0.306300000,found,22,1,1,1,"[[5,5],[5,6],[5,7],[5,8],[5,9],[5,10],[5,11],[6,11],[6,12],[7,12],[8,12],[9,12],[10,12],[10,13],[10,14],[10,15],[10,16],[10,17],[10,18],[10,19],[10,20],[10,21],[10,22]]",0.508100000,0.498300000,found,22,45,45,62,"[[5,5],[5,6],[5,7],[5,8],[5,9],[5,10],[5,11],[6,11],[6,12],[7,12],[8,12],[9,12],[10,12],[10,13],[10,14],[10,15],[10,16],[10,17],[10,18],[10,19],[10,20],[10,21],[10,22]]"
movement-reuse,2,repair,movement-step-five,move,Advance one legal route step,3,"[5,6]","[10,22]","{""id"":""movement-step-five"",""type"":""move"",""label"":""Advance one legal route step""}","[""........................"",""..###..###...###...###.."",""..###..###...###...###.."",""..###..###...###...###.."",""..###..###...###...###.."",""............#..........."",""..###..###...###...###.."",""..###..###...###...###.."",""..###..###...###...###.."",""..###..###...###...###.."",""........................"",""..###..###...###...###.."",""..###..###...###...###.."",""..###..###...###...###.."",""..###..###...###...###.."",""........................""]",0.235500000,0.229400001,found,21,0,0,0,"[[5,6],[5,7],[5,8],[5,9],[5,10],[5,11],[6,11],[6,12],[7,12],[8,12],[9,12],[10,12],[10,13],[10,14],[10,15],[10,16],[10,17],[10,18],[10,19],[10,20],[10,21],[10,22]]",0.449300000,0.443600000,found,21,39,39,58,"[[5,6],[5,7],[5,8],[5,9],[5,10],[5,11],[6,11],[6,12],[7,12],[8,12],[9,12],[10,12],[10,13],[10,14],[10,15],[10,16],[10,17],[10,18],[10,19],[10,20],[10,21],[10,22]]"
movement-reuse,2,repair,movement-reopen-center-cell,map,Reopen the cross-aisle cell,4,"[5,6]","[10,22]","{""id"":""movement-reopen-center-cell"",""type"":""map"",""label"":""Reopen the cross-aisle cell"",""changes"":[{""cell"":[5,12],""blocked"":false}]}","[""........................"",""..###..###...###...###.."",""..###..###...###...###.."",""..###..###...###...###.."",""..###..###...###...###.."",""........................"",""..###..###...###...###.."",""..###..###...###...###.."",""..###..###...###...###.."",""..###..###...###...###.."",""........................"",""..###..###...###...###.."",""..###..###...###...###.."",""..###..###...###...###.."",""..###..###...###...###.."",""........................""]",0.360700000,0.282200001,found,21,1,1,2,"[[5,6],[5,7],[5,8],[5,9],[5,10],[5,11],[5,12],[5,13],[5,14],[5,15],[5,16],[5,17],[5,18],[5,19],[5,20],[5,21],[5,22],[6,22],[7,22],[8,22],[9,22],[10,22]]",0.748200000,0.737800000,found,21,66,66,92,"[[5,6],[5,7],[5,8],[5,9],[5,10],[5,11],[5,12],[5,13],[5,14],[5,15],[5,16],[5,17],[5,18],[5,19],[5,20],[5,21],[5,22],[6,22],[7,22],[8,22],[9,22],[10,22]]"
movement-reuse,2,repair,movement-step-six,move,Advance one final legal route step,4,"[5,7]","[10,22]","{""id"":""movement-step-six"",""type"":""move"",""label"":""Advance one final legal route step""}","[""........................"",""..###..###...###...###.."",""..###..###...###...###.."",""..###..###...###...###.."",""..###..###...###...###.."",""........................"",""..###..###...###...###.."",""..###..###...###...###.."",""..###..###...###...###.."",""..###..###...###...###.."",""........................"",""..###..###...###...###.."",""..###..###...###...###.."",""..###..###...###...###.."",""..###..###...###...###.."",""........................""]",0.234000000,0.227500000,found,20,0,0,0,"[[5,7],[5,8],[5,9],[5,10],[5,11],[5,12],[5,13],[5,14],[5,15],[5,16],[5,17],[5,18],[5,19],[5,20],[5,21],[5,22],[6,22],[7,22],[8,22],[9,22],[10,22]]",0.689800000,0.683600000,found,20,57,57,77,"[[5,7],[5,8],[5,9],[5,10],[5,11],[5,12],[5,13],[5,14],[5,15],[5,16],[5,17],[5,18],[5,19],[5,20],[5,21],[5,22],[6,22],[7,22],[8,22],[9,22],[10,22]]"
movement-reuse,3,initial,initial,initial,Initial planning,0,"[5,1]","[10,22]",{},"[""........................"",""..###..###...###...###.."",""..###..###...###...###.."",""..###..###...###...###.."",""..###..###...###...###.."",""........................"",""..###..###...###...###.."",""..###..###...###...###.."",""..###..###...###...###.."",""..###..###...###...###.."",""........................"",""..###..###...###...###.."",""..###..###...###...###.."",""..###..###...###...###.."",""..###..###...###...###.."",""........................""]",4.863900000,4.677900000,found,26,84,113,145,"[[5,1],[5,2],[5,3],[5,4],[5,5],[5,6],[5,7],[5,8],[5,9],[5,10],[5,11],[5,12],[5,13],[5,14],[5,15],[5,16],[5,17],[5,18],[5,19],[5,20],[5,21],[5,22],[6,22],[7,22],[8,22],[9,22],[10,22]]",0.939800000,0.935800000,found,26,84,84,114,"[[5,1],[5,2],[5,3],[5,4],[5,5],[5,6],[5,7],[5,8],[5,9],[5,10],[5,11],[5,12],[5,13],[5,14],[5,15],[5,16],[5,17],[5,18],[5,19],[5,20],[5,21],[5,22],[6,22],[7,22],[8,22],[9,22],[10,22]]"
movement-reuse,3,repair,movement-step-one,move,Advance one legal route step,0,"[5,2]","[10,22]","{""id"":""movement-step-one"",""type"":""move"",""label"":""Advance one legal route step""}","[""........................"",""..###..###...###...###.."",""..###..###...###...###.."",""..###..###...###...###.."",""..###..###...###...###.."",""........................"",""..###..###...###...###.."",""..###..###...###...###.."",""..###..###...###...###.."",""..###..###...###...###.."",""........................"",""..###..###...###...###.."",""..###..###...###...###.."",""..###..###...###...###.."",""..###..###...###...###.."",""........................""]",0.283500000,0.277200001,found,25,0,0,0,"[[5,2],[5,3],[5,4],[5,5],[5,6],[5,7],[5,8],[5,9],[5,10],[5,11],[5,12],[5,13],[5,14],[5,15],[5,16],[5,17],[5,18],[5,19],[5,20],[5,21],[5,22],[6,22],[7,22],[8,22],[9,22],[10,22]]",0.844900000,0.838700000,found,25,75,75,99,"[[5,2],[5,3],[5,4],[5,5],[5,6],[5,7],[5,8],[5,9],[5,10],[5,11],[5,12],[5,13],[5,14],[5,15],[5,16],[5,17],[5,18],[5,19],[5,20],[5,21],[5,22],[6,22],[7,22],[8,22],[9,22],[10,22]]"
movement-reuse,3,repair,movement-close-east-cell,map,Close a cell in the cross-aisle,1,"[5,2]","[10,22]","{""id"":""movement-close-east-cell"",""type"":""map"",""label"":""Close a cell in the cross-aisle"",""changes"":[{""cell"":[5,18],""blocked"":true}]}","[""........................"",""..###..###...###...###.."",""..###..###...###...###.."",""..###..###...###...###.."",""..###..###...###...###.."",""..................#....."",""..###..###...###...###.."",""..###..###...###...###.."",""..###..###...###...###.."",""..###..###...###...###.."",""........................"",""..###..###...###...###.."",""..###..###...###...###.."",""..###..###...###...###.."",""..###..###...###...###.."",""........................""]",0.413300000,0.335500000,found,25,1,1,1,"[[5,2],[5,3],[5,4],[5,5],[5,6],[5,7],[5,8],[5,9],[5,10],[5,11],[5,12],[5,13],[5,14],[5,15],[5,16],[5,17],[6,17],[6,18],[7,18],[8,18],[9,18],[10,18],[10,19],[10,20],[10,21],[10,22]]",0.738800000,0.728800000,found,25,66,66,83,"[[5,2],[5,3],[5,4],[5,5],[5,6],[5,7],[5,8],[5,9],[5,10],[5,11],[5,12],[5,13],[5,14],[5,15],[5,16],[5,17],[6,17],[6,18],[7,18],[8,18],[9,18],[10,18],[10,19],[10,20],[10,21],[10,22]]"
movement-reuse,3,repair,movement-step-two,move,Advance one legal route step,1,"[5,3]","[10,22]","{""id"":""movement-step-two"",""type"":""move"",""label"":""Advance one legal route step""}","[""........................"",""..###..###...###...###.."",""..###..###...###...###.."",""..###..###...###...###.."",""..###..###...###...###.."",""..................#....."",""..###..###...###...###.."",""..###..###...###...###.."",""..###..###...###...###.."",""..###..###...###...###.."",""........................"",""..###..###...###...###.."",""..###..###...###...###.."",""..###..###...###...###.."",""..###..###...###...###.."",""........................""]",0.270000000,0.263700000,found,24,0,0,0,"[[5,3],[5,4],[5,5],[5,6],[5,7],[5,8],[5,9],[5,10],[5,11],[5,12],[5,13],[5,14],[5,15],[5,16],[5,17],[6,17],[6,18],[7,18],[8,18],[9,18],[10,18],[10,19],[10,20],[10,21],[10,22]]",0.725000000,0.719199999,found,24,65,65,82,"[[5,3],[5,4],[5,5],[5,6],[5,7],[5,8],[5,9],[5,10],[5,11],[5,12],[5,13],[5,14],[5,15],[5,16],[5,17],[6,17],[6,18],[7,18],[8,18],[9,18],[10,18],[10,19],[10,20],[10,21],[10,22]]"
movement-reuse,3,repair,movement-step-three,move,Advance one more legal route step,1,"[5,4]","[10,22]","{""id"":""movement-step-three"",""type"":""move"",""label"":""Advance one more legal route step""}","[""........................"",""..###..###...###...###.."",""..###..###...###...###.."",""..###..###...###...###.."",""..###..###...###...###.."",""..................#....."",""..###..###...###...###.."",""..###..###...###...###.."",""..###..###...###...###.."",""..###..###...###...###.."",""........................"",""..###..###...###...###.."",""..###..###...###...###.."",""..###..###...###...###.."",""..###..###...###...###.."",""........................""]",0.259700000,0.252100000,found,23,0,0,0,"[[5,4],[5,5],[5,6],[5,7],[5,8],[5,9],[5,10],[5,11],[5,12],[5,13],[5,14],[5,15],[5,16],[5,17],[6,17],[6,18],[7,18],[8,18],[9,18],[10,18],[10,19],[10,20],[10,21],[10,22]]",0.719600000,0.713400001,found,23,64,64,81,"[[5,4],[5,5],[5,6],[5,7],[5,8],[5,9],[5,10],[5,11],[5,12],[5,13],[5,14],[5,15],[5,16],[5,17],[6,17],[6,18],[7,18],[8,18],[9,18],[10,18],[10,19],[10,20],[10,21],[10,22]]"
movement-reuse,3,repair,movement-reopen-east-cell,map,Reopen the cross-aisle cell,2,"[5,4]","[10,22]","{""id"":""movement-reopen-east-cell"",""type"":""map"",""label"":""Reopen the cross-aisle cell"",""changes"":[{""cell"":[5,18],""blocked"":false}]}","[""........................"",""..###..###...###...###.."",""..###..###...###...###.."",""..###..###...###...###.."",""..###..###...###...###.."",""........................"",""..###..###...###...###.."",""..###..###...###...###.."",""..###..###...###...###.."",""..###..###...###...###.."",""........................"",""..###..###...###...###.."",""..###..###...###...###.."",""..###..###...###...###.."",""..###..###...###...###.."",""........................""]",0.383500000,0.305300000,found,23,1,1,2,"[[5,4],[5,5],[5,6],[5,7],[5,8],[5,9],[5,10],[5,11],[5,12],[5,13],[5,14],[5,15],[5,16],[5,17],[5,18],[5,19],[5,20],[5,21],[5,22],[6,22],[7,22],[8,22],[9,22],[10,22]]",0.822500000,0.812200000,found,23,73,73,97,"[[5,4],[5,5],[5,6],[5,7],[5,8],[5,9],[5,10],[5,11],[5,12],[5,13],[5,14],[5,15],[5,16],[5,17],[5,18],[5,19],[5,20],[5,21],[5,22],[6,22],[7,22],[8,22],[9,22],[10,22]]"
movement-reuse,3,repair,movement-step-four,move,Advance one legal route step,2,"[5,5]","[10,22]","{""id"":""movement-step-four"",""type"":""move"",""label"":""Advance one legal route step""}","[""........................"",""..###..###...###...###.."",""..###..###...###...###.."",""..###..###...###...###.."",""..###..###...###...###.."",""........................"",""..###..###...###...###.."",""..###..###...###...###.."",""..###..###...###...###.."",""..###..###...###...###.."",""........................"",""..###..###...###...###.."",""..###..###...###...###.."",""..###..###...###...###.."",""..###..###...###...###.."",""........................""]",0.250800000,0.243099999,found,22,0,0,0,"[[5,5],[5,6],[5,7],[5,8],[5,9],[5,10],[5,11],[5,12],[5,13],[5,14],[5,15],[5,16],[5,17],[5,18],[5,19],[5,20],[5,21],[5,22],[6,22],[7,22],[8,22],[9,22],[10,22]]",0.845800000,0.839099999,found,22,72,72,96,"[[5,5],[5,6],[5,7],[5,8],[5,9],[5,10],[5,11],[5,12],[5,13],[5,14],[5,15],[5,16],[5,17],[5,18],[5,19],[5,20],[5,21],[5,22],[6,22],[7,22],[8,22],[9,22],[10,22]]"
movement-reuse,3,repair,movement-close-center-cell,map,Close another cross-aisle cell,3,"[5,5]","[10,22]","{""id"":""movement-close-center-cell"",""type"":""map"",""label"":""Close another cross-aisle cell"",""changes"":[{""cell"":[5,12],""blocked"":true}]}","[""........................"",""..###..###...###...###.."",""..###..###...###...###.."",""..###..###...###...###.."",""..###..###...###...###.."",""............#..........."",""..###..###...###...###.."",""..###..###...###...###.."",""..###..###...###...###.."",""..###..###...###...###.."",""........................"",""..###..###...###...###.."",""..###..###...###...###.."",""..###..###...###...###.."",""..###..###...###...###.."",""........................""]",0.396700000,0.311500000,found,22,1,1,1,"[[5,5],[5,6],[5,7],[5,8],[5,9],[5,10],[5,11],[6,11],[6,12],[7,12],[8,12],[9,12],[10,12],[10,13],[10,14],[10,15],[10,16],[10,17],[10,18],[10,19],[10,20],[10,21],[10,22]]",0.510000000,0.499900000,found,22,45,45,62,"[[5,5],[5,6],[5,7],[5,8],[5,9],[5,10],[5,11],[6,11],[6,12],[7,12],[8,12],[9,12],[10,12],[10,13],[10,14],[10,15],[10,16],[10,17],[10,18],[10,19],[10,20],[10,21],[10,22]]"
movement-reuse,3,repair,movement-step-five,move,Advance one legal route step,3,"[5,6]","[10,22]","{""id"":""movement-step-five"",""type"":""move"",""label"":""Advance one legal route step""}","[""........................"",""..###..###...###...###.."",""..###..###...###...###.."",""..###..###...###...###.."",""..###..###...###...###.."",""............#..........."",""..###..###...###...###.."",""..###..###...###...###.."",""..###..###...###...###.."",""..###..###...###...###.."",""........................"",""..###..###...###...###.."",""..###..###...###...###.."",""..###..###...###...###.."",""..###..###...###...###.."",""........................""]",0.235900000,0.229700000,found,21,0,0,0,"[[5,6],[5,7],[5,8],[5,9],[5,10],[5,11],[6,11],[6,12],[7,12],[8,12],[9,12],[10,12],[10,13],[10,14],[10,15],[10,16],[10,17],[10,18],[10,19],[10,20],[10,21],[10,22]]",0.439800000,0.434300000,found,21,39,39,58,"[[5,6],[5,7],[5,8],[5,9],[5,10],[5,11],[6,11],[6,12],[7,12],[8,12],[9,12],[10,12],[10,13],[10,14],[10,15],[10,16],[10,17],[10,18],[10,19],[10,20],[10,21],[10,22]]"
movement-reuse,3,repair,movement-reopen-center-cell,map,Reopen the cross-aisle cell,4,"[5,6]","[10,22]","{""id"":""movement-reopen-center-cell"",""type"":""map"",""label"":""Reopen the cross-aisle cell"",""changes"":[{""cell"":[5,12],""blocked"":false}]}","[""........................"",""..###..###...###...###.."",""..###..###...###...###.."",""..###..###...###...###.."",""..###..###...###...###.."",""........................"",""..###..###...###...###.."",""..###..###...###...###.."",""..###..###...###...###.."",""..###..###...###...###.."",""........................"",""..###..###...###...###.."",""..###..###...###...###.."",""..###..###...###...###.."",""..###..###...###...###.."",""........................""]",0.364500000,0.287600000,found,21,1,1,2,"[[5,6],[5,7],[5,8],[5,9],[5,10],[5,11],[5,12],[5,13],[5,14],[5,15],[5,16],[5,17],[5,18],[5,19],[5,20],[5,21],[5,22],[6,22],[7,22],[8,22],[9,22],[10,22]]",0.752400000,0.742100000,found,21,66,66,92,"[[5,6],[5,7],[5,8],[5,9],[5,10],[5,11],[5,12],[5,13],[5,14],[5,15],[5,16],[5,17],[5,18],[5,19],[5,20],[5,21],[5,22],[6,22],[7,22],[8,22],[9,22],[10,22]]"
movement-reuse,3,repair,movement-step-six,move,Advance one final legal route step,4,"[5,7]","[10,22]","{""id"":""movement-step-six"",""type"":""move"",""label"":""Advance one final legal route step""}","[""........................"",""..###..###...###...###.."",""..###..###...###...###.."",""..###..###...###...###.."",""..###..###...###...###.."",""........................"",""..###..###...###...###.."",""..###..###...###...###.."",""..###..###...###...###.."",""..###..###...###...###.."",""........................"",""..###..###...###...###.."",""..###..###...###...###.."",""..###..###...###...###.."",""..###..###...###...###.."",""........................""]",0.232200000,0.225900000,found,20,0,0,0,"[[5,7],[5,8],[5,9],[5,10],[5,11],[5,12],[5,13],[5,14],[5,15],[5,16],[5,17],[5,18],[5,19],[5,20],[5,21],[5,22],[6,22],[7,22],[8,22],[9,22],[10,22]]",0.639900000,0.634000000,found,20,57,57,77,"[[5,7],[5,8],[5,9],[5,10],[5,11],[5,12],[5,13],[5,14],[5,15],[5,16],[5,17],[5,18],[5,19],[5,20],[5,21],[5,22],[6,22],[7,22],[8,22],[9,22],[10,22]]"
movement-reuse,4,initial,initial,initial,Initial planning,0,"[5,1]","[10,22]",{},"[""........................"",""..###..###...###...###.."",""..###..###...###...###.."",""..###..###...###...###.."",""..###..###...###...###.."",""........................"",""..###..###...###...###.."",""..###..###...###...###.."",""..###..###...###...###.."",""..###..###...###...###.."",""........................"",""..###..###...###...###.."",""..###..###...###...###.."",""..###..###...###...###.."",""..###..###...###...###.."",""........................""]",4.849900000,4.662599999,found,26,84,113,145,"[[5,1],[5,2],[5,3],[5,4],[5,5],[5,6],[5,7],[5,8],[5,9],[5,10],[5,11],[5,12],[5,13],[5,14],[5,15],[5,16],[5,17],[5,18],[5,19],[5,20],[5,21],[5,22],[6,22],[7,22],[8,22],[9,22],[10,22]]",0.947800000,0.943100000,found,26,84,84,114,"[[5,1],[5,2],[5,3],[5,4],[5,5],[5,6],[5,7],[5,8],[5,9],[5,10],[5,11],[5,12],[5,13],[5,14],[5,15],[5,16],[5,17],[5,18],[5,19],[5,20],[5,21],[5,22],[6,22],[7,22],[8,22],[9,22],[10,22]]"
movement-reuse,4,repair,movement-step-one,move,Advance one legal route step,0,"[5,2]","[10,22]","{""id"":""movement-step-one"",""type"":""move"",""label"":""Advance one legal route step""}","[""........................"",""..###..###...###...###.."",""..###..###...###...###.."",""..###..###...###...###.."",""..###..###...###...###.."",""........................"",""..###..###...###...###.."",""..###..###...###...###.."",""..###..###...###...###.."",""..###..###...###...###.."",""........................"",""..###..###...###...###.."",""..###..###...###...###.."",""..###..###...###...###.."",""..###..###...###...###.."",""........................""]",0.286200000,0.278300000,found,25,0,0,0,"[[5,2],[5,3],[5,4],[5,5],[5,6],[5,7],[5,8],[5,9],[5,10],[5,11],[5,12],[5,13],[5,14],[5,15],[5,16],[5,17],[5,18],[5,19],[5,20],[5,21],[5,22],[6,22],[7,22],[8,22],[9,22],[10,22]]",0.882100000,0.875800000,found,25,75,75,99,"[[5,2],[5,3],[5,4],[5,5],[5,6],[5,7],[5,8],[5,9],[5,10],[5,11],[5,12],[5,13],[5,14],[5,15],[5,16],[5,17],[5,18],[5,19],[5,20],[5,21],[5,22],[6,22],[7,22],[8,22],[9,22],[10,22]]"
movement-reuse,4,repair,movement-close-east-cell,map,Close a cell in the cross-aisle,1,"[5,2]","[10,22]","{""id"":""movement-close-east-cell"",""type"":""map"",""label"":""Close a cell in the cross-aisle"",""changes"":[{""cell"":[5,18],""blocked"":true}]}","[""........................"",""..###..###...###...###.."",""..###..###...###...###.."",""..###..###...###...###.."",""..###..###...###...###.."",""..................#....."",""..###..###...###...###.."",""..###..###...###...###.."",""..###..###...###...###.."",""..###..###...###...###.."",""........................"",""..###..###...###...###.."",""..###..###...###...###.."",""..###..###...###...###.."",""..###..###...###...###.."",""........................""]",0.416300000,0.335300000,found,25,1,1,1,"[[5,2],[5,3],[5,4],[5,5],[5,6],[5,7],[5,8],[5,9],[5,10],[5,11],[5,12],[5,13],[5,14],[5,15],[5,16],[5,17],[6,17],[6,18],[7,18],[8,18],[9,18],[10,18],[10,19],[10,20],[10,21],[10,22]]",0.745400000,0.735300000,found,25,66,66,83,"[[5,2],[5,3],[5,4],[5,5],[5,6],[5,7],[5,8],[5,9],[5,10],[5,11],[5,12],[5,13],[5,14],[5,15],[5,16],[5,17],[6,17],[6,18],[7,18],[8,18],[9,18],[10,18],[10,19],[10,20],[10,21],[10,22]]"
movement-reuse,4,repair,movement-step-two,move,Advance one legal route step,1,"[5,3]","[10,22]","{""id"":""movement-step-two"",""type"":""move"",""label"":""Advance one legal route step""}","[""........................"",""..###..###...###...###.."",""..###..###...###...###.."",""..###..###...###...###.."",""..###..###...###...###.."",""..................#....."",""..###..###...###...###.."",""..###..###...###...###.."",""..###..###...###...###.."",""..###..###...###...###.."",""........................"",""..###..###...###...###.."",""..###..###...###...###.."",""..###..###...###...###.."",""..###..###...###...###.."",""........................""]",0.272900000,0.266600000,found,24,0,0,0,"[[5,3],[5,4],[5,5],[5,6],[5,7],[5,8],[5,9],[5,10],[5,11],[5,12],[5,13],[5,14],[5,15],[5,16],[5,17],[6,17],[6,18],[7,18],[8,18],[9,18],[10,18],[10,19],[10,20],[10,21],[10,22]]",0.730300000,0.724400001,found,24,65,65,82,"[[5,3],[5,4],[5,5],[5,6],[5,7],[5,8],[5,9],[5,10],[5,11],[5,12],[5,13],[5,14],[5,15],[5,16],[5,17],[6,17],[6,18],[7,18],[8,18],[9,18],[10,18],[10,19],[10,20],[10,21],[10,22]]"
movement-reuse,4,repair,movement-step-three,move,Advance one more legal route step,1,"[5,4]","[10,22]","{""id"":""movement-step-three"",""type"":""move"",""label"":""Advance one more legal route step""}","[""........................"",""..###..###...###...###.."",""..###..###...###...###.."",""..###..###...###...###.."",""..###..###...###...###.."",""..................#....."",""..###..###...###...###.."",""..###..###...###...###.."",""..###..###...###...###.."",""..###..###...###...###.."",""........................"",""..###..###...###...###.."",""..###..###...###...###.."",""..###..###...###...###.."",""..###..###...###...###.."",""........................""]",0.258300000,0.252200000,found,23,0,0,0,"[[5,4],[5,5],[5,6],[5,7],[5,8],[5,9],[5,10],[5,11],[5,12],[5,13],[5,14],[5,15],[5,16],[5,17],[6,17],[6,18],[7,18],[8,18],[9,18],[10,18],[10,19],[10,20],[10,21],[10,22]]",0.727500000,0.721700000,found,23,64,64,81,"[[5,4],[5,5],[5,6],[5,7],[5,8],[5,9],[5,10],[5,11],[5,12],[5,13],[5,14],[5,15],[5,16],[5,17],[6,17],[6,18],[7,18],[8,18],[9,18],[10,18],[10,19],[10,20],[10,21],[10,22]]"
movement-reuse,4,repair,movement-reopen-east-cell,map,Reopen the cross-aisle cell,2,"[5,4]","[10,22]","{""id"":""movement-reopen-east-cell"",""type"":""map"",""label"":""Reopen the cross-aisle cell"",""changes"":[{""cell"":[5,18],""blocked"":false}]}","[""........................"",""..###..###...###...###.."",""..###..###...###...###.."",""..###..###...###...###.."",""..###..###...###...###.."",""........................"",""..###..###...###...###.."",""..###..###...###...###.."",""..###..###...###...###.."",""..###..###...###...###.."",""........................"",""..###..###...###...###.."",""..###..###...###...###.."",""..###..###...###...###.."",""..###..###...###...###.."",""........................""]",0.388700000,0.305300000,found,23,1,1,2,"[[5,4],[5,5],[5,6],[5,7],[5,8],[5,9],[5,10],[5,11],[5,12],[5,13],[5,14],[5,15],[5,16],[5,17],[5,18],[5,19],[5,20],[5,21],[5,22],[6,22],[7,22],[8,22],[9,22],[10,22]]",0.825100000,0.814700000,found,23,73,73,97,"[[5,4],[5,5],[5,6],[5,7],[5,8],[5,9],[5,10],[5,11],[5,12],[5,13],[5,14],[5,15],[5,16],[5,17],[5,18],[5,19],[5,20],[5,21],[5,22],[6,22],[7,22],[8,22],[9,22],[10,22]]"
movement-reuse,4,repair,movement-step-four,move,Advance one legal route step,2,"[5,5]","[10,22]","{""id"":""movement-step-four"",""type"":""move"",""label"":""Advance one legal route step""}","[""........................"",""..###..###...###...###.."",""..###..###...###...###.."",""..###..###...###...###.."",""..###..###...###...###.."",""........................"",""..###..###...###...###.."",""..###..###...###...###.."",""..###..###...###...###.."",""..###..###...###...###.."",""........................"",""..###..###...###...###.."",""..###..###...###...###.."",""..###..###...###...###.."",""..###..###...###...###.."",""........................""]",0.247800000,0.241600000,found,22,0,0,0,"[[5,5],[5,6],[5,7],[5,8],[5,9],[5,10],[5,11],[5,12],[5,13],[5,14],[5,15],[5,16],[5,17],[5,18],[5,19],[5,20],[5,21],[5,22],[6,22],[7,22],[8,22],[9,22],[10,22]]",0.812300000,0.806100000,found,22,72,72,96,"[[5,5],[5,6],[5,7],[5,8],[5,9],[5,10],[5,11],[5,12],[5,13],[5,14],[5,15],[5,16],[5,17],[5,18],[5,19],[5,20],[5,21],[5,22],[6,22],[7,22],[8,22],[9,22],[10,22]]"
movement-reuse,4,repair,movement-close-center-cell,map,Close another cross-aisle cell,3,"[5,5]","[10,22]","{""id"":""movement-close-center-cell"",""type"":""map"",""label"":""Close another cross-aisle cell"",""changes"":[{""cell"":[5,12],""blocked"":true}]}","[""........................"",""..###..###...###...###.."",""..###..###...###...###.."",""..###..###...###...###.."",""..###..###...###...###.."",""............#..........."",""..###..###...###...###.."",""..###..###...###...###.."",""..###..###...###...###.."",""..###..###...###...###.."",""........................"",""..###..###...###...###.."",""..###..###...###...###.."",""..###..###...###...###.."",""..###..###...###...###.."",""........................""]",0.378800000,0.302500000,found,22,1,1,1,"[[5,5],[5,6],[5,7],[5,8],[5,9],[5,10],[5,11],[6,11],[6,12],[7,12],[8,12],[9,12],[10,12],[10,13],[10,14],[10,15],[10,16],[10,17],[10,18],[10,19],[10,20],[10,21],[10,22]]",0.510100000,0.500400000,found,22,45,45,62,"[[5,5],[5,6],[5,7],[5,8],[5,9],[5,10],[5,11],[6,11],[6,12],[7,12],[8,12],[9,12],[10,12],[10,13],[10,14],[10,15],[10,16],[10,17],[10,18],[10,19],[10,20],[10,21],[10,22]]"
movement-reuse,4,repair,movement-step-five,move,Advance one legal route step,3,"[5,6]","[10,22]","{""id"":""movement-step-five"",""type"":""move"",""label"":""Advance one legal route step""}","[""........................"",""..###..###...###...###.."",""..###..###...###...###.."",""..###..###...###...###.."",""..###..###...###...###.."",""............#..........."",""..###..###...###...###.."",""..###..###...###...###.."",""..###..###...###...###.."",""..###..###...###...###.."",""........................"",""..###..###...###...###.."",""..###..###...###...###.."",""..###..###...###...###.."",""..###..###...###...###.."",""........................""]",0.242300000,0.236000000,found,21,0,0,0,"[[5,6],[5,7],[5,8],[5,9],[5,10],[5,11],[6,11],[6,12],[7,12],[8,12],[9,12],[10,12],[10,13],[10,14],[10,15],[10,16],[10,17],[10,18],[10,19],[10,20],[10,21],[10,22]]",0.440400000,0.434700000,found,21,39,39,58,"[[5,6],[5,7],[5,8],[5,9],[5,10],[5,11],[6,11],[6,12],[7,12],[8,12],[9,12],[10,12],[10,13],[10,14],[10,15],[10,16],[10,17],[10,18],[10,19],[10,20],[10,21],[10,22]]"
movement-reuse,4,repair,movement-reopen-center-cell,map,Reopen the cross-aisle cell,4,"[5,6]","[10,22]","{""id"":""movement-reopen-center-cell"",""type"":""map"",""label"":""Reopen the cross-aisle cell"",""changes"":[{""cell"":[5,12],""blocked"":false}]}","[""........................"",""..###..###...###...###.."",""..###..###...###...###.."",""..###..###...###...###.."",""..###..###...###...###.."",""........................"",""..###..###...###...###.."",""..###..###...###...###.."",""..###..###...###...###.."",""..###..###...###...###.."",""........................"",""..###..###...###...###.."",""..###..###...###...###.."",""..###..###...###...###.."",""..###..###...###...###.."",""........................""]",0.362900000,0.283100000,found,21,1,1,2,"[[5,6],[5,7],[5,8],[5,9],[5,10],[5,11],[5,12],[5,13],[5,14],[5,15],[5,16],[5,17],[5,18],[5,19],[5,20],[5,21],[5,22],[6,22],[7,22],[8,22],[9,22],[10,22]]",0.750500000,0.740200000,found,21,66,66,92,"[[5,6],[5,7],[5,8],[5,9],[5,10],[5,11],[5,12],[5,13],[5,14],[5,15],[5,16],[5,17],[5,18],[5,19],[5,20],[5,21],[5,22],[6,22],[7,22],[8,22],[9,22],[10,22]]"
movement-reuse,4,repair,movement-step-six,move,Advance one final legal route step,4,"[5,7]","[10,22]","{""id"":""movement-step-six"",""type"":""move"",""label"":""Advance one final legal route step""}","[""........................"",""..###..###...###...###.."",""..###..###...###...###.."",""..###..###...###...###.."",""..###..###...###...###.."",""........................"",""..###..###...###...###.."",""..###..###...###...###.."",""..###..###...###...###.."",""..###..###...###...###.."",""........................"",""..###..###...###...###.."",""..###..###...###...###.."",""..###..###...###...###.."",""..###..###...###...###.."",""........................""]",0.226800000,0.220500000,found,20,0,0,0,"[[5,7],[5,8],[5,9],[5,10],[5,11],[5,12],[5,13],[5,14],[5,15],[5,16],[5,17],[5,18],[5,19],[5,20],[5,21],[5,22],[6,22],[7,22],[8,22],[9,22],[10,22]]",0.642300000,0.636600000,found,20,57,57,77,"[[5,7],[5,8],[5,9],[5,10],[5,11],[5,12],[5,13],[5,14],[5,15],[5,16],[5,17],[5,18],[5,19],[5,20],[5,21],[5,22],[6,22],[7,22],[8,22],[9,22],[10,22]]"
movement-reuse,5,initial,initial,initial,Initial planning,0,"[5,1]","[10,22]",{},"[""........................"",""..###..###...###...###.."",""..###..###...###...###.."",""..###..###...###...###.."",""..###..###...###...###.."",""........................"",""..###..###...###...###.."",""..###..###...###...###.."",""..###..###...###...###.."",""..###..###...###...###.."",""........................"",""..###..###...###...###.."",""..###..###...###...###.."",""..###..###...###...###.."",""..###..###...###...###.."",""........................""]",4.902800000,4.721500000,found,26,84,113,145,"[[5,1],[5,2],[5,3],[5,4],[5,5],[5,6],[5,7],[5,8],[5,9],[5,10],[5,11],[5,12],[5,13],[5,14],[5,15],[5,16],[5,17],[5,18],[5,19],[5,20],[5,21],[5,22],[6,22],[7,22],[8,22],[9,22],[10,22]]",0.992100000,0.987600000,found,26,84,84,114,"[[5,1],[5,2],[5,3],[5,4],[5,5],[5,6],[5,7],[5,8],[5,9],[5,10],[5,11],[5,12],[5,13],[5,14],[5,15],[5,16],[5,17],[5,18],[5,19],[5,20],[5,21],[5,22],[6,22],[7,22],[8,22],[9,22],[10,22]]"
movement-reuse,5,repair,movement-step-one,move,Advance one legal route step,0,"[5,2]","[10,22]","{""id"":""movement-step-one"",""type"":""move"",""label"":""Advance one legal route step""}","[""........................"",""..###..###...###...###.."",""..###..###...###...###.."",""..###..###...###...###.."",""..###..###...###...###.."",""........................"",""..###..###...###...###.."",""..###..###...###...###.."",""..###..###...###...###.."",""..###..###...###...###.."",""........................"",""..###..###...###...###.."",""..###..###...###...###.."",""..###..###...###...###.."",""..###..###...###...###.."",""........................""]",0.287200000,0.280700000,found,25,0,0,0,"[[5,2],[5,3],[5,4],[5,5],[5,6],[5,7],[5,8],[5,9],[5,10],[5,11],[5,12],[5,13],[5,14],[5,15],[5,16],[5,17],[5,18],[5,19],[5,20],[5,21],[5,22],[6,22],[7,22],[8,22],[9,22],[10,22]]",0.844800000,0.838700000,found,25,75,75,99,"[[5,2],[5,3],[5,4],[5,5],[5,6],[5,7],[5,8],[5,9],[5,10],[5,11],[5,12],[5,13],[5,14],[5,15],[5,16],[5,17],[5,18],[5,19],[5,20],[5,21],[5,22],[6,22],[7,22],[8,22],[9,22],[10,22]]"
movement-reuse,5,repair,movement-close-east-cell,map,Close a cell in the cross-aisle,1,"[5,2]","[10,22]","{""id"":""movement-close-east-cell"",""type"":""map"",""label"":""Close a cell in the cross-aisle"",""changes"":[{""cell"":[5,18],""blocked"":true}]}","[""........................"",""..###..###...###...###.."",""..###..###...###...###.."",""..###..###...###...###.."",""..###..###...###...###.."",""..................#....."",""..###..###...###...###.."",""..###..###...###...###.."",""..###..###...###...###.."",""..###..###...###...###.."",""........................"",""..###..###...###...###.."",""..###..###...###...###.."",""..###..###...###...###.."",""..###..###...###...###.."",""........................""]",0.415500000,0.336700001,found,25,1,1,1,"[[5,2],[5,3],[5,4],[5,5],[5,6],[5,7],[5,8],[5,9],[5,10],[5,11],[5,12],[5,13],[5,14],[5,15],[5,16],[5,17],[6,17],[6,18],[7,18],[8,18],[9,18],[10,18],[10,19],[10,20],[10,21],[10,22]]",0.747300000,0.736999999,found,25,66,66,83,"[[5,2],[5,3],[5,4],[5,5],[5,6],[5,7],[5,8],[5,9],[5,10],[5,11],[5,12],[5,13],[5,14],[5,15],[5,16],[5,17],[6,17],[6,18],[7,18],[8,18],[9,18],[10,18],[10,19],[10,20],[10,21],[10,22]]"
movement-reuse,5,repair,movement-step-two,move,Advance one legal route step,1,"[5,3]","[10,22]","{""id"":""movement-step-two"",""type"":""move"",""label"":""Advance one legal route step""}","[""........................"",""..###..###...###...###.."",""..###..###...###...###.."",""..###..###...###...###.."",""..###..###...###...###.."",""..................#....."",""..###..###...###...###.."",""..###..###...###...###.."",""..###..###...###...###.."",""..###..###...###...###.."",""........................"",""..###..###...###...###.."",""..###..###...###...###.."",""..###..###...###...###.."",""..###..###...###...###.."",""........................""]",0.279700000,0.273300000,found,24,0,0,0,"[[5,3],[5,4],[5,5],[5,6],[5,7],[5,8],[5,9],[5,10],[5,11],[5,12],[5,13],[5,14],[5,15],[5,16],[5,17],[6,17],[6,18],[7,18],[8,18],[9,18],[10,18],[10,19],[10,20],[10,21],[10,22]]",0.723900000,0.718100000,found,24,65,65,82,"[[5,3],[5,4],[5,5],[5,6],[5,7],[5,8],[5,9],[5,10],[5,11],[5,12],[5,13],[5,14],[5,15],[5,16],[5,17],[6,17],[6,18],[7,18],[8,18],[9,18],[10,18],[10,19],[10,20],[10,21],[10,22]]"
movement-reuse,5,repair,movement-step-three,move,Advance one more legal route step,1,"[5,4]","[10,22]","{""id"":""movement-step-three"",""type"":""move"",""label"":""Advance one more legal route step""}","[""........................"",""..###..###...###...###.."",""..###..###...###...###.."",""..###..###...###...###.."",""..###..###...###...###.."",""..................#....."",""..###..###...###...###.."",""..###..###...###...###.."",""..###..###...###...###.."",""..###..###...###...###.."",""........................"",""..###..###...###...###.."",""..###..###...###...###.."",""..###..###...###...###.."",""..###..###...###...###.."",""........................""]",0.259400000,0.252899999,found,23,0,0,0,"[[5,4],[5,5],[5,6],[5,7],[5,8],[5,9],[5,10],[5,11],[5,12],[5,13],[5,14],[5,15],[5,16],[5,17],[6,17],[6,18],[7,18],[8,18],[9,18],[10,18],[10,19],[10,20],[10,21],[10,22]]",0.720300000,0.714400000,found,23,64,64,81,"[[5,4],[5,5],[5,6],[5,7],[5,8],[5,9],[5,10],[5,11],[5,12],[5,13],[5,14],[5,15],[5,16],[5,17],[6,17],[6,18],[7,18],[8,18],[9,18],[10,18],[10,19],[10,20],[10,21],[10,22]]"
movement-reuse,5,repair,movement-reopen-east-cell,map,Reopen the cross-aisle cell,2,"[5,4]","[10,22]","{""id"":""movement-reopen-east-cell"",""type"":""map"",""label"":""Reopen the cross-aisle cell"",""changes"":[{""cell"":[5,18],""blocked"":false}]}","[""........................"",""..###..###...###...###.."",""..###..###...###...###.."",""..###..###...###...###.."",""..###..###...###...###.."",""........................"",""..###..###...###...###.."",""..###..###...###...###.."",""..###..###...###...###.."",""..###..###...###...###.."",""........................"",""..###..###...###...###.."",""..###..###...###...###.."",""..###..###...###...###.."",""..###..###...###...###.."",""........................""]",0.382900000,0.305200000,found,23,1,1,2,"[[5,4],[5,5],[5,6],[5,7],[5,8],[5,9],[5,10],[5,11],[5,12],[5,13],[5,14],[5,15],[5,16],[5,17],[5,18],[5,19],[5,20],[5,21],[5,22],[6,22],[7,22],[8,22],[9,22],[10,22]]",0.828600000,0.818400000,found,23,73,73,97,"[[5,4],[5,5],[5,6],[5,7],[5,8],[5,9],[5,10],[5,11],[5,12],[5,13],[5,14],[5,15],[5,16],[5,17],[5,18],[5,19],[5,20],[5,21],[5,22],[6,22],[7,22],[8,22],[9,22],[10,22]]"
movement-reuse,5,repair,movement-step-four,move,Advance one legal route step,2,"[5,5]","[10,22]","{""id"":""movement-step-four"",""type"":""move"",""label"":""Advance one legal route step""}","[""........................"",""..###..###...###...###.."",""..###..###...###...###.."",""..###..###...###...###.."",""..###..###...###...###.."",""........................"",""..###..###...###...###.."",""..###..###...###...###.."",""..###..###...###...###.."",""..###..###...###...###.."",""........................"",""..###..###...###...###.."",""..###..###...###...###.."",""..###..###...###...###.."",""..###..###...###...###.."",""........................""]",0.253900000,0.246000000,found,22,0,0,0,"[[5,5],[5,6],[5,7],[5,8],[5,9],[5,10],[5,11],[5,12],[5,13],[5,14],[5,15],[5,16],[5,17],[5,18],[5,19],[5,20],[5,21],[5,22],[6,22],[7,22],[8,22],[9,22],[10,22]]",0.806900000,0.800300000,found,22,72,72,96,"[[5,5],[5,6],[5,7],[5,8],[5,9],[5,10],[5,11],[5,12],[5,13],[5,14],[5,15],[5,16],[5,17],[5,18],[5,19],[5,20],[5,21],[5,22],[6,22],[7,22],[8,22],[9,22],[10,22]]"
movement-reuse,5,repair,movement-close-center-cell,map,Close another cross-aisle cell,3,"[5,5]","[10,22]","{""id"":""movement-close-center-cell"",""type"":""map"",""label"":""Close another cross-aisle cell"",""changes"":[{""cell"":[5,12],""blocked"":true}]}","[""........................"",""..###..###...###...###.."",""..###..###...###...###.."",""..###..###...###...###.."",""..###..###...###...###.."",""............#..........."",""..###..###...###...###.."",""..###..###...###...###.."",""..###..###...###...###.."",""..###..###...###...###.."",""........................"",""..###..###...###...###.."",""..###..###...###...###.."",""..###..###...###...###.."",""..###..###...###...###.."",""........................""]",0.380200000,0.302000000,found,22,1,1,1,"[[5,5],[5,6],[5,7],[5,8],[5,9],[5,10],[5,11],[6,11],[6,12],[7,12],[8,12],[9,12],[10,12],[10,13],[10,14],[10,15],[10,16],[10,17],[10,18],[10,19],[10,20],[10,21],[10,22]]",0.509800000,0.499600000,found,22,45,45,62,"[[5,5],[5,6],[5,7],[5,8],[5,9],[5,10],[5,11],[6,11],[6,12],[7,12],[8,12],[9,12],[10,12],[10,13],[10,14],[10,15],[10,16],[10,17],[10,18],[10,19],[10,20],[10,21],[10,22]]"
movement-reuse,5,repair,movement-step-five,move,Advance one legal route step,3,"[5,6]","[10,22]","{""id"":""movement-step-five"",""type"":""move"",""label"":""Advance one legal route step""}","[""........................"",""..###..###...###...###.."",""..###..###...###...###.."",""..###..###...###...###.."",""..###..###...###...###.."",""............#..........."",""..###..###...###...###.."",""..###..###...###...###.."",""..###..###...###...###.."",""..###..###...###...###.."",""........................"",""..###..###...###...###.."",""..###..###...###...###.."",""..###..###...###...###.."",""..###..###...###...###.."",""........................""]",0.235800000,0.229600000,found,21,0,0,0,"[[5,6],[5,7],[5,8],[5,9],[5,10],[5,11],[6,11],[6,12],[7,12],[8,12],[9,12],[10,12],[10,13],[10,14],[10,15],[10,16],[10,17],[10,18],[10,19],[10,20],[10,21],[10,22]]",0.440500000,0.434900000,found,21,39,39,58,"[[5,6],[5,7],[5,8],[5,9],[5,10],[5,11],[6,11],[6,12],[7,12],[8,12],[9,12],[10,12],[10,13],[10,14],[10,15],[10,16],[10,17],[10,18],[10,19],[10,20],[10,21],[10,22]]"
movement-reuse,5,repair,movement-reopen-center-cell,map,Reopen the cross-aisle cell,4,"[5,6]","[10,22]","{""id"":""movement-reopen-center-cell"",""type"":""map"",""label"":""Reopen the cross-aisle cell"",""changes"":[{""cell"":[5,12],""blocked"":false}]}","[""........................"",""..###..###...###...###.."",""..###..###...###...###.."",""..###..###...###...###.."",""..###..###...###...###.."",""........................"",""..###..###...###...###.."",""..###..###...###...###.."",""..###..###...###...###.."",""..###..###...###...###.."",""........................"",""..###..###...###...###.."",""..###..###...###...###.."",""..###..###...###...###.."",""..###..###...###...###.."",""........................""]",0.360000000,0.283000000,found,21,1,1,2,"[[5,6],[5,7],[5,8],[5,9],[5,10],[5,11],[5,12],[5,13],[5,14],[5,15],[5,16],[5,17],[5,18],[5,19],[5,20],[5,21],[5,22],[6,22],[7,22],[8,22],[9,22],[10,22]]",0.748300000,0.738000000,found,21,66,66,92,"[[5,6],[5,7],[5,8],[5,9],[5,10],[5,11],[5,12],[5,13],[5,14],[5,15],[5,16],[5,17],[5,18],[5,19],[5,20],[5,21],[5,22],[6,22],[7,22],[8,22],[9,22],[10,22]]"
movement-reuse,5,repair,movement-step-six,move,Advance one final legal route step,4,"[5,7]","[10,22]","{""id"":""movement-step-six"",""type"":""move"",""label"":""Advance one final legal route step""}","[""........................"",""..###..###...###...###.."",""..###..###...###...###.."",""..###..###...###...###.."",""..###..###...###...###.."",""........................"",""..###..###...###...###.."",""..###..###...###...###.."",""..###..###...###...###.."",""..###..###...###...###.."",""........................"",""..###..###...###...###.."",""..###..###...###...###.."",""..###..###...###...###.."",""..###..###...###...###.."",""........................""]",0.226100000,0.219899999,found,20,0,0,0,"[[5,7],[5,8],[5,9],[5,10],[5,11],[5,12],[5,13],[5,14],[5,15],[5,16],[5,17],[5,18],[5,19],[5,20],[5,21],[5,22],[6,22],[7,22],[8,22],[9,22],[10,22]]",0.646800000,0.640900000,found,20,57,57,77,"[[5,7],[5,8],[5,9],[5,10],[5,11],[5,12],[5,13],[5,14],[5,15],[5,16],[5,17],[5,18],[5,19],[5,20],[5,21],[5,22],[6,22],[7,22],[8,22],[9,22],[10,22]]"
unreachable-recovery,1,initial,initial,initial,Initial planning,0,"[3,1]","[3,7]",{},"[""....#...."",""....#...."",""....#...."",""........."",""....#...."",""....#...."",""....#....""]",0.460900000,0.436600000,found,6,7,7,21,"[[3,1],[3,2],[3,3],[3,4],[3,5],[3,6],[3,7]]",0.083100000,0.080500000,found,6,7,7,18,"[[3,1],[3,2],[3,3],[3,4],[3,5],[3,6],[3,7]]"
unreachable-recovery,1,repair,recovery-close-only-gap,map,Close the only gap,1,"[3,1]","[3,7]","{""id"":""recovery-close-only-gap"",""type"":""map"",""label"":""Close the only gap"",""changes"":[{""cell"":[3,4],""blocked"":true}]}","[""....#...."",""....#...."",""....#...."",""....#...."",""....#...."",""....#...."",""....#....""]",1.440600000,1.363300000,unreachable,,29,57,43,[],0.308800000,0.295400000,unreachable,,28,28,28,[]
unreachable-recovery,1,repair,recovery-reopen-only-gap,map,Reopen the gap,2,"[3,1]","[3,7]","{""id"":""recovery-reopen-only-gap"",""type"":""map"",""label"":""Reopen the gap"",""changes"":[{""cell"":[3,4],""blocked"":false}]}","[""....#...."",""....#...."",""....#...."",""........."",""....#...."",""....#...."",""....#....""]",0.358400000,0.282200000,found,6,4,4,11,"[[3,1],[3,2],[3,3],[3,4],[3,5],[3,6],[3,7]]",0.090400000,0.081100000,found,6,7,7,18,"[[3,1],[3,2],[3,3],[3,4],[3,5],[3,6],[3,7]]"
unreachable-recovery,2,initial,initial,initial,Initial planning,0,"[3,1]","[3,7]",{},"[""....#...."",""....#...."",""....#...."",""........."",""....#...."",""....#...."",""....#....""]",0.460900000,0.436800000,found,6,7,7,21,"[[3,1],[3,2],[3,3],[3,4],[3,5],[3,6],[3,7]]",0.082400000,0.080000000,found,6,7,7,18,"[[3,1],[3,2],[3,3],[3,4],[3,5],[3,6],[3,7]]"
unreachable-recovery,2,repair,recovery-close-only-gap,map,Close the only gap,1,"[3,1]","[3,7]","{""id"":""recovery-close-only-gap"",""type"":""map"",""label"":""Close the only gap"",""changes"":[{""cell"":[3,4],""blocked"":true}]}","[""....#...."",""....#...."",""....#...."",""....#...."",""....#...."",""....#...."",""....#....""]",1.401900000,1.326300000,unreachable,,29,57,43,[],0.303900000,0.293800000,unreachable,,28,28,28,[]
unreachable-recovery,2,repair,recovery-reopen-only-gap,map,Reopen the gap,2,"[3,1]","[3,7]","{""id"":""recovery-reopen-only-gap"",""type"":""map"",""label"":""Reopen the gap"",""changes"":[{""cell"":[3,4],""blocked"":false}]}","[""....#...."",""....#...."",""....#...."",""........."",""....#...."",""....#...."",""....#....""]",0.356600000,0.282100000,found,6,4,4,11,"[[3,1],[3,2],[3,3],[3,4],[3,5],[3,6],[3,7]]",0.089900000,0.080600000,found,6,7,7,18,"[[3,1],[3,2],[3,3],[3,4],[3,5],[3,6],[3,7]]"
unreachable-recovery,3,initial,initial,initial,Initial planning,0,"[3,1]","[3,7]",{},"[""....#...."",""....#...."",""....#...."",""........."",""....#...."",""....#...."",""....#....""]",0.455700000,0.433400000,found,6,7,7,21,"[[3,1],[3,2],[3,3],[3,4],[3,5],[3,6],[3,7]]",0.089500000,0.086999999,found,6,7,7,18,"[[3,1],[3,2],[3,3],[3,4],[3,5],[3,6],[3,7]]"
unreachable-recovery,3,repair,recovery-close-only-gap,map,Close the only gap,1,"[3,1]","[3,7]","{""id"":""recovery-close-only-gap"",""type"":""map"",""label"":""Close the only gap"",""changes"":[{""cell"":[3,4],""blocked"":true}]}","[""....#...."",""....#...."",""....#...."",""....#...."",""....#...."",""....#...."",""....#....""]",1.407300000,1.328100000,unreachable,,29,57,43,[],0.304300000,0.294200000,unreachable,,28,28,28,[]
unreachable-recovery,3,repair,recovery-reopen-only-gap,map,Reopen the gap,2,"[3,1]","[3,7]","{""id"":""recovery-reopen-only-gap"",""type"":""map"",""label"":""Reopen the gap"",""changes"":[{""cell"":[3,4],""blocked"":false}]}","[""....#...."",""....#...."",""....#...."",""........."",""....#...."",""....#...."",""....#....""]",0.356800000,0.282300000,found,6,4,4,11,"[[3,1],[3,2],[3,3],[3,4],[3,5],[3,6],[3,7]]",0.090100000,0.080800000,found,6,7,7,18,"[[3,1],[3,2],[3,3],[3,4],[3,5],[3,6],[3,7]]"
unreachable-recovery,4,initial,initial,initial,Initial planning,0,"[3,1]","[3,7]",{},"[""....#...."",""....#...."",""....#...."",""........."",""....#...."",""....#...."",""....#....""]",0.457300000,0.434400000,found,6,7,7,21,"[[3,1],[3,2],[3,3],[3,4],[3,5],[3,6],[3,7]]",0.083300000,0.080500000,found,6,7,7,18,"[[3,1],[3,2],[3,3],[3,4],[3,5],[3,6],[3,7]]"
unreachable-recovery,4,repair,recovery-close-only-gap,map,Close the only gap,1,"[3,1]","[3,7]","{""id"":""recovery-close-only-gap"",""type"":""map"",""label"":""Close the only gap"",""changes"":[{""cell"":[3,4],""blocked"":true}]}","[""....#...."",""....#...."",""....#...."",""....#...."",""....#...."",""....#...."",""....#....""]",1.412400000,1.332300000,unreachable,,29,57,43,[],0.311000000,0.297400000,unreachable,,28,28,28,[]
unreachable-recovery,4,repair,recovery-reopen-only-gap,map,Reopen the gap,2,"[3,1]","[3,7]","{""id"":""recovery-reopen-only-gap"",""type"":""map"",""label"":""Reopen the gap"",""changes"":[{""cell"":[3,4],""blocked"":false}]}","[""....#...."",""....#...."",""....#...."",""........."",""....#...."",""....#...."",""....#....""]",0.485100000,0.383100000,found,6,4,4,11,"[[3,1],[3,2],[3,3],[3,4],[3,5],[3,6],[3,7]]",0.097800000,0.085700000,found,6,7,7,18,"[[3,1],[3,2],[3,3],[3,4],[3,5],[3,6],[3,7]]"
unreachable-recovery,5,initial,initial,initial,Initial planning,0,"[3,1]","[3,7]",{},"[""....#...."",""....#...."",""....#...."",""........."",""....#...."",""....#...."",""....#....""]",0.463500000,0.436800000,found,6,7,7,21,"[[3,1],[3,2],[3,3],[3,4],[3,5],[3,6],[3,7]]",0.084900000,0.081800000,found,6,7,7,18,"[[3,1],[3,2],[3,3],[3,4],[3,5],[3,6],[3,7]]"
unreachable-recovery,5,repair,recovery-close-only-gap,map,Close the only gap,1,"[3,1]","[3,7]","{""id"":""recovery-close-only-gap"",""type"":""map"",""label"":""Close the only gap"",""changes"":[{""cell"":[3,4],""blocked"":true}]}","[""....#...."",""....#...."",""....#...."",""....#...."",""....#...."",""....#...."",""....#....""]",1.418300000,1.337299999,unreachable,,29,57,43,[],0.308400000,0.295800000,unreachable,,28,28,28,[]
unreachable-recovery,5,repair,recovery-reopen-only-gap,map,Reopen the gap,2,"[3,1]","[3,7]","{""id"":""recovery-reopen-only-gap"",""type"":""map"",""label"":""Reopen the gap"",""changes"":[{""cell"":[3,4],""blocked"":false}]}","[""....#...."",""....#...."",""....#...."",""........."",""....#...."",""....#...."",""....#....""]",0.365700000,0.290200000,found,6,4,4,11,"[[3,1],[3,2],[3,3],[3,4],[3,5],[3,6],[3,7]]",0.090700000,0.081400000,found,6,7,7,18,"[[3,1],[3,2],[3,3],[3,4],[3,5],[3,6],[3,7]]"
widespread-changes,1,initial,initial,initial,Initial planning,0,"[0,0]","[19,27]",{},"[""............................"",""............................"",""............................"",""............................"",""............................"",""............................"",""............................"",""............................"",""............................"",""............................"",""............................"",""............................"",""............................"",""............................"",""............................"",""............................"",""............................"",""............................"",""............................"",""............................""]",29.244900000,29.098600000,found,46,560,1073,1073,"[[0,0],[0,1],[0,2],[0,3],[0,4],[0,5],[0,6],[0,7],[0,8],[0,9],[0,10],[0,11],[0,12],[0,13],[0,14],[0,15],[0,16],[0,17],[0,18],[0,19],[0,20],[0,21],[0,22],[0,23],[0,24],[0,25],[0,26],[0,27],[1,27],[2,27],[3,27],[4,27],[5,27],[6,27],[7,27],[8,27],[9,27],[10,27],[11,27],[12,27],[13,27],[14,27],[15,27],[16,27],[17,27],[18,27],[19,27]]",6.536600000,6.497900000,found,46,560,560,560,"[[0,0],[0,1],[0,2],[0,3],[0,4],[0,5],[0,6],[0,7],[0,8],[0,9],[0,10],[0,11],[0,12],[0,13],[0,14],[0,15],[0,16],[0,17],[0,18],[0,19],[0,20],[0,21],[0,22],[0,23],[0,24],[0,25],[0,26],[0,27],[1,27],[2,27],[3,27],[4,27],[5,27],[6,27],[7,27],[8,27],[9,27],[10,27],[11,27],[12,27],[13,27],[14,27],[15,27],[16,27],[17,27],[18,27],[19,27]]"
widespread-changes,1,repair,widespread-block-scattered-cells,map,Block scattered interior cells,1,"[0,0]","[19,27]","{""id"":""widespread-block-scattered-cells"",""type"":""map"",""label"":""Block scattered interior cells"",""changes"":[{""cell"":[2,4],""blocked"":true},{""cell"":[2,11],""blocked"":true},{""cell"":[2,20],""blocked"":true},{""cell"":[4,7],""blocked"":true},{""cell"":[4,16],""blocked"":true},{""cell"":[5,24],""blocked"":true},{""cell"":[7,3],""blocked"":true},{""cell"":[7,12],""blocked"":true},{""cell"":[7,21],""blocked"":true},{""cell"":[9,6],""blocked"":true},{""cell"":[9,18],""blocked"":true},{""cell"":[11,10],""blocked"":true},{""cell"":[12,23],""blocked"":true},{""cell"":[14,5],""blocked"":true},{""cell"":[15,14],""blocked"":true},{""cell"":[17,22],""blocked"":true}]}","[""............................"",""............................"",""....#......#........#......."",""............................"","".......#........#..........."",""........................#..."",""............................"",""...#........#........#......"",""............................"",""......#...........#........."",""............................"",""..........#................."","".......................#...."",""............................"","".....#......................"",""..............#............."",""............................"",""......................#....."",""............................"",""............................""]",2.465700000,1.415600000,found,46,16,16,16,"[[0,0],[0,1],[0,2],[0,3],[0,4],[0,5],[0,6],[0,7],[0,8],[0,9],[0,10],[0,11],[0,12],[0,13],[0,14],[0,15],[0,16],[0,17],[0,18],[0,19],[0,20],[0,21],[0,22],[0,23],[0,24],[0,25],[0,26],[0,27],[1,27],[2,27],[3,27],[4,27],[5,27],[6,27],[7,27],[8,27],[9,27],[10,27],[11,27],[12,27],[13,27],[14,27],[15,27],[16,27],[17,27],[18,27],[19,27]]",6.082300000,6.019900000,found,46,544,544,544,"[[0,0],[0,1],[0,2],[0,3],[0,4],[0,5],[0,6],[0,7],[0,8],[0,9],[0,10],[0,11],[0,12],[0,13],[0,14],[0,15],[0,16],[0,17],[0,18],[0,19],[0,20],[0,21],[0,22],[0,23],[0,24],[0,25],[0,26],[0,27],[1,27],[2,27],[3,27],[4,27],[5,27],[6,27],[7,27],[8,27],[9,27],[10,27],[11,27],[12,27],[13,27],[14,27],[15,27],[16,27],[17,27],[18,27],[19,27]]"
widespread-changes,1,repair,widespread-restore-scattered-cells,map,Restore the scattered interior cells,2,"[0,0]","[19,27]","{""id"":""widespread-restore-scattered-cells"",""type"":""map"",""label"":""Restore the scattered interior cells"",""changes"":[{""cell"":[2,4],""blocked"":false},{""cell"":[2,11],""blocked"":false},{""cell"":[2,20],""blocked"":false},{""cell"":[4,7],""blocked"":false},{""cell"":[4,16],""blocked"":false},{""cell"":[5,24],""blocked"":false},{""cell"":[7,3],""blocked"":false},{""cell"":[7,12],""blocked"":false},{""cell"":[7,21],""blocked"":false},{""cell"":[9,6],""blocked"":false},{""cell"":[9,18],""blocked"":false},{""cell"":[11,10],""blocked"":false},{""cell"":[12,23],""blocked"":false},{""cell"":[14,5],""blocked"":false},{""cell"":[15,14],""blocked"":false},{""cell"":[17,22],""blocked"":false}]}","[""............................"",""............................"",""............................"",""............................"",""............................"",""............................"",""............................"",""............................"",""............................"",""............................"",""............................"",""............................"",""............................"",""............................"",""............................"",""............................"",""............................"",""............................"",""............................"",""............................""]",2.304700000,1.250599999,found,46,16,16,16,"[[0,0],[0,1],[0,2],[0,3],[0,4],[0,5],[0,6],[0,7],[0,8],[0,9],[0,10],[0,11],[0,12],[0,13],[0,14],[0,15],[0,16],[0,17],[0,18],[0,19],[0,20],[0,21],[0,22],[0,23],[0,24],[0,25],[0,26],[0,27],[1,27],[2,27],[3,27],[4,27],[5,27],[6,27],[7,27],[8,27],[9,27],[10,27],[11,27],[12,27],[13,27],[14,27],[15,27],[16,27],[17,27],[18,27],[19,27]]",6.324000000,6.270899999,found,46,560,560,560,"[[0,0],[0,1],[0,2],[0,3],[0,4],[0,5],[0,6],[0,7],[0,8],[0,9],[0,10],[0,11],[0,12],[0,13],[0,14],[0,15],[0,16],[0,17],[0,18],[0,19],[0,20],[0,21],[0,22],[0,23],[0,24],[0,25],[0,26],[0,27],[1,27],[2,27],[3,27],[4,27],[5,27],[6,27],[7,27],[8,27],[9,27],[10,27],[11,27],[12,27],[13,27],[14,27],[15,27],[16,27],[17,27],[18,27],[19,27]]"
widespread-changes,2,initial,initial,initial,Initial planning,0,"[0,0]","[19,27]",{},"[""............................"",""............................"",""............................"",""............................"",""............................"",""............................"",""............................"",""............................"",""............................"",""............................"",""............................"",""............................"",""............................"",""............................"",""............................"",""............................"",""............................"",""............................"",""............................"",""............................""]",29.264000000,29.166200000,found,46,560,1073,1073,"[[0,0],[0,1],[0,2],[0,3],[0,4],[0,5],[0,6],[0,7],[0,8],[0,9],[0,10],[0,11],[0,12],[0,13],[0,14],[0,15],[0,16],[0,17],[0,18],[0,19],[0,20],[0,21],[0,22],[0,23],[0,24],[0,25],[0,26],[0,27],[1,27],[2,27],[3,27],[4,27],[5,27],[6,27],[7,27],[8,27],[9,27],[10,27],[11,27],[12,27],[13,27],[14,27],[15,27],[16,27],[17,27],[18,27],[19,27]]",6.161200000,6.151200000,found,46,560,560,560,"[[0,0],[0,1],[0,2],[0,3],[0,4],[0,5],[0,6],[0,7],[0,8],[0,9],[0,10],[0,11],[0,12],[0,13],[0,14],[0,15],[0,16],[0,17],[0,18],[0,19],[0,20],[0,21],[0,22],[0,23],[0,24],[0,25],[0,26],[0,27],[1,27],[2,27],[3,27],[4,27],[5,27],[6,27],[7,27],[8,27],[9,27],[10,27],[11,27],[12,27],[13,27],[14,27],[15,27],[16,27],[17,27],[18,27],[19,27]]"
widespread-changes,2,repair,widespread-block-scattered-cells,map,Block scattered interior cells,1,"[0,0]","[19,27]","{""id"":""widespread-block-scattered-cells"",""type"":""map"",""label"":""Block scattered interior cells"",""changes"":[{""cell"":[2,4],""blocked"":true},{""cell"":[2,11],""blocked"":true},{""cell"":[2,20],""blocked"":true},{""cell"":[4,7],""blocked"":true},{""cell"":[4,16],""blocked"":true},{""cell"":[5,24],""blocked"":true},{""cell"":[7,3],""blocked"":true},{""cell"":[7,12],""blocked"":true},{""cell"":[7,21],""blocked"":true},{""cell"":[9,6],""blocked"":true},{""cell"":[9,18],""blocked"":true},{""cell"":[11,10],""blocked"":true},{""cell"":[12,23],""blocked"":true},{""cell"":[14,5],""blocked"":true},{""cell"":[15,14],""blocked"":true},{""cell"":[17,22],""blocked"":true}]}","[""............................"",""............................"",""....#......#........#......."",""............................"","".......#........#..........."",""........................#..."",""............................"",""...#........#........#......"",""............................"",""......#...........#........."",""............................"",""..........#................."","".......................#...."",""............................"","".....#......................"",""..............#............."",""............................"",""......................#....."",""............................"",""............................""]",2.425900000,1.409100000,found,46,16,16,16,"[[0,0],[0,1],[0,2],[0,3],[0,4],[0,5],[0,6],[0,7],[0,8],[0,9],[0,10],[0,11],[0,12],[0,13],[0,14],[0,15],[0,16],[0,17],[0,18],[0,19],[0,20],[0,21],[0,22],[0,23],[0,24],[0,25],[0,26],[0,27],[1,27],[2,27],[3,27],[4,27],[5,27],[6,27],[7,27],[8,27],[9,27],[10,27],[11,27],[12,27],[13,27],[14,27],[15,27],[16,27],[17,27],[18,27],[19,27]]",6.026900000,5.985400000,found,46,544,544,544,"[[0,0],[0,1],[0,2],[0,3],[0,4],[0,5],[0,6],[0,7],[0,8],[0,9],[0,10],[0,11],[0,12],[0,13],[0,14],[0,15],[0,16],[0,17],[0,18],[0,19],[0,20],[0,21],[0,22],[0,23],[0,24],[0,25],[0,26],[0,27],[1,27],[2,27],[3,27],[4,27],[5,27],[6,27],[7,27],[8,27],[9,27],[10,27],[11,27],[12,27],[13,27],[14,27],[15,27],[16,27],[17,27],[18,27],[19,27]]"
widespread-changes,2,repair,widespread-restore-scattered-cells,map,Restore the scattered interior cells,2,"[0,0]","[19,27]","{""id"":""widespread-restore-scattered-cells"",""type"":""map"",""label"":""Restore the scattered interior cells"",""changes"":[{""cell"":[2,4],""blocked"":false},{""cell"":[2,11],""blocked"":false},{""cell"":[2,20],""blocked"":false},{""cell"":[4,7],""blocked"":false},{""cell"":[4,16],""blocked"":false},{""cell"":[5,24],""blocked"":false},{""cell"":[7,3],""blocked"":false},{""cell"":[7,12],""blocked"":false},{""cell"":[7,21],""blocked"":false},{""cell"":[9,6],""blocked"":false},{""cell"":[9,18],""blocked"":false},{""cell"":[11,10],""blocked"":false},{""cell"":[12,23],""blocked"":false},{""cell"":[14,5],""blocked"":false},{""cell"":[15,14],""blocked"":false},{""cell"":[17,22],""blocked"":false}]}","[""............................"",""............................"",""............................"",""............................"",""............................"",""............................"",""............................"",""............................"",""............................"",""............................"",""............................"",""............................"",""............................"",""............................"",""............................"",""............................"",""............................"",""............................"",""............................"",""............................""]",2.264600000,1.236900000,found,46,16,16,16,"[[0,0],[0,1],[0,2],[0,3],[0,4],[0,5],[0,6],[0,7],[0,8],[0,9],[0,10],[0,11],[0,12],[0,13],[0,14],[0,15],[0,16],[0,17],[0,18],[0,19],[0,20],[0,21],[0,22],[0,23],[0,24],[0,25],[0,26],[0,27],[1,27],[2,27],[3,27],[4,27],[5,27],[6,27],[7,27],[8,27],[9,27],[10,27],[11,27],[12,27],[13,27],[14,27],[15,27],[16,27],[17,27],[18,27],[19,27]]",6.215100000,6.174500000,found,46,560,560,560,"[[0,0],[0,1],[0,2],[0,3],[0,4],[0,5],[0,6],[0,7],[0,8],[0,9],[0,10],[0,11],[0,12],[0,13],[0,14],[0,15],[0,16],[0,17],[0,18],[0,19],[0,20],[0,21],[0,22],[0,23],[0,24],[0,25],[0,26],[0,27],[1,27],[2,27],[3,27],[4,27],[5,27],[6,27],[7,27],[8,27],[9,27],[10,27],[11,27],[12,27],[13,27],[14,27],[15,27],[16,27],[17,27],[18,27],[19,27]]"
widespread-changes,3,initial,initial,initial,Initial planning,0,"[0,0]","[19,27]",{},"[""............................"",""............................"",""............................"",""............................"",""............................"",""............................"",""............................"",""............................"",""............................"",""............................"",""............................"",""............................"",""............................"",""............................"",""............................"",""............................"",""............................"",""............................"",""............................"",""............................""]",29.312900000,29.225099999,found,46,560,1073,1073,"[[0,0],[0,1],[0,2],[0,3],[0,4],[0,5],[0,6],[0,7],[0,8],[0,9],[0,10],[0,11],[0,12],[0,13],[0,14],[0,15],[0,16],[0,17],[0,18],[0,19],[0,20],[0,21],[0,22],[0,23],[0,24],[0,25],[0,26],[0,27],[1,27],[2,27],[3,27],[4,27],[5,27],[6,27],[7,27],[8,27],[9,27],[10,27],[11,27],[12,27],[13,27],[14,27],[15,27],[16,27],[17,27],[18,27],[19,27]]",6.163900000,6.149300000,found,46,560,560,560,"[[0,0],[0,1],[0,2],[0,3],[0,4],[0,5],[0,6],[0,7],[0,8],[0,9],[0,10],[0,11],[0,12],[0,13],[0,14],[0,15],[0,16],[0,17],[0,18],[0,19],[0,20],[0,21],[0,22],[0,23],[0,24],[0,25],[0,26],[0,27],[1,27],[2,27],[3,27],[4,27],[5,27],[6,27],[7,27],[8,27],[9,27],[10,27],[11,27],[12,27],[13,27],[14,27],[15,27],[16,27],[17,27],[18,27],[19,27]]"
widespread-changes,3,repair,widespread-block-scattered-cells,map,Block scattered interior cells,1,"[0,0]","[19,27]","{""id"":""widespread-block-scattered-cells"",""type"":""map"",""label"":""Block scattered interior cells"",""changes"":[{""cell"":[2,4],""blocked"":true},{""cell"":[2,11],""blocked"":true},{""cell"":[2,20],""blocked"":true},{""cell"":[4,7],""blocked"":true},{""cell"":[4,16],""blocked"":true},{""cell"":[5,24],""blocked"":true},{""cell"":[7,3],""blocked"":true},{""cell"":[7,12],""blocked"":true},{""cell"":[7,21],""blocked"":true},{""cell"":[9,6],""blocked"":true},{""cell"":[9,18],""blocked"":true},{""cell"":[11,10],""blocked"":true},{""cell"":[12,23],""blocked"":true},{""cell"":[14,5],""blocked"":true},{""cell"":[15,14],""blocked"":true},{""cell"":[17,22],""blocked"":true}]}","[""............................"",""............................"",""....#......#........#......."",""............................"","".......#........#..........."",""........................#..."",""............................"",""...#........#........#......"",""............................"",""......#...........#........."",""............................"",""..........#................."","".......................#...."",""............................"","".....#......................"",""..............#............."",""............................"",""......................#....."",""............................"",""............................""]",2.441700000,1.408400000,found,46,16,16,16,"[[0,0],[0,1],[0,2],[0,3],[0,4],[0,5],[0,6],[0,7],[0,8],[0,9],[0,10],[0,11],[0,12],[0,13],[0,14],[0,15],[0,16],[0,17],[0,18],[0,19],[0,20],[0,21],[0,22],[0,23],[0,24],[0,25],[0,26],[0,27],[1,27],[2,27],[3,27],[4,27],[5,27],[6,27],[7,27],[8,27],[9,27],[10,27],[11,27],[12,27],[13,27],[14,27],[15,27],[16,27],[17,27],[18,27],[19,27]]",6.032800000,5.992799999,found,46,544,544,544,"[[0,0],[0,1],[0,2],[0,3],[0,4],[0,5],[0,6],[0,7],[0,8],[0,9],[0,10],[0,11],[0,12],[0,13],[0,14],[0,15],[0,16],[0,17],[0,18],[0,19],[0,20],[0,21],[0,22],[0,23],[0,24],[0,25],[0,26],[0,27],[1,27],[2,27],[3,27],[4,27],[5,27],[6,27],[7,27],[8,27],[9,27],[10,27],[11,27],[12,27],[13,27],[14,27],[15,27],[16,27],[17,27],[18,27],[19,27]]"
widespread-changes,3,repair,widespread-restore-scattered-cells,map,Restore the scattered interior cells,2,"[0,0]","[19,27]","{""id"":""widespread-restore-scattered-cells"",""type"":""map"",""label"":""Restore the scattered interior cells"",""changes"":[{""cell"":[2,4],""blocked"":false},{""cell"":[2,11],""blocked"":false},{""cell"":[2,20],""blocked"":false},{""cell"":[4,7],""blocked"":false},{""cell"":[4,16],""blocked"":false},{""cell"":[5,24],""blocked"":false},{""cell"":[7,3],""blocked"":false},{""cell"":[7,12],""blocked"":false},{""cell"":[7,21],""blocked"":false},{""cell"":[9,6],""blocked"":false},{""cell"":[9,18],""blocked"":false},{""cell"":[11,10],""blocked"":false},{""cell"":[12,23],""blocked"":false},{""cell"":[14,5],""blocked"":false},{""cell"":[15,14],""blocked"":false},{""cell"":[17,22],""blocked"":false}]}","[""............................"",""............................"",""............................"",""............................"",""............................"",""............................"",""............................"",""............................"",""............................"",""............................"",""............................"",""............................"",""............................"",""............................"",""............................"",""............................"",""............................"",""............................"",""............................"",""............................""]",2.254300000,1.239100000,found,46,16,16,16,"[[0,0],[0,1],[0,2],[0,3],[0,4],[0,5],[0,6],[0,7],[0,8],[0,9],[0,10],[0,11],[0,12],[0,13],[0,14],[0,15],[0,16],[0,17],[0,18],[0,19],[0,20],[0,21],[0,22],[0,23],[0,24],[0,25],[0,26],[0,27],[1,27],[2,27],[3,27],[4,27],[5,27],[6,27],[7,27],[8,27],[9,27],[10,27],[11,27],[12,27],[13,27],[14,27],[15,27],[16,27],[17,27],[18,27],[19,27]]",6.274500000,6.231600000,found,46,560,560,560,"[[0,0],[0,1],[0,2],[0,3],[0,4],[0,5],[0,6],[0,7],[0,8],[0,9],[0,10],[0,11],[0,12],[0,13],[0,14],[0,15],[0,16],[0,17],[0,18],[0,19],[0,20],[0,21],[0,22],[0,23],[0,24],[0,25],[0,26],[0,27],[1,27],[2,27],[3,27],[4,27],[5,27],[6,27],[7,27],[8,27],[9,27],[10,27],[11,27],[12,27],[13,27],[14,27],[15,27],[16,27],[17,27],[18,27],[19,27]]"
widespread-changes,4,initial,initial,initial,Initial planning,0,"[0,0]","[19,27]",{},"[""............................"",""............................"",""............................"",""............................"",""............................"",""............................"",""............................"",""............................"",""............................"",""............................"",""............................"",""............................"",""............................"",""............................"",""............................"",""............................"",""............................"",""............................"",""............................"",""............................""]",29.803200000,29.708700000,found,46,560,1073,1073,"[[0,0],[0,1],[0,2],[0,3],[0,4],[0,5],[0,6],[0,7],[0,8],[0,9],[0,10],[0,11],[0,12],[0,13],[0,14],[0,15],[0,16],[0,17],[0,18],[0,19],[0,20],[0,21],[0,22],[0,23],[0,24],[0,25],[0,26],[0,27],[1,27],[2,27],[3,27],[4,27],[5,27],[6,27],[7,27],[8,27],[9,27],[10,27],[11,27],[12,27],[13,27],[14,27],[15,27],[16,27],[17,27],[18,27],[19,27]]",6.660500000,6.644300000,found,46,560,560,560,"[[0,0],[0,1],[0,2],[0,3],[0,4],[0,5],[0,6],[0,7],[0,8],[0,9],[0,10],[0,11],[0,12],[0,13],[0,14],[0,15],[0,16],[0,17],[0,18],[0,19],[0,20],[0,21],[0,22],[0,23],[0,24],[0,25],[0,26],[0,27],[1,27],[2,27],[3,27],[4,27],[5,27],[6,27],[7,27],[8,27],[9,27],[10,27],[11,27],[12,27],[13,27],[14,27],[15,27],[16,27],[17,27],[18,27],[19,27]]"
widespread-changes,4,repair,widespread-block-scattered-cells,map,Block scattered interior cells,1,"[0,0]","[19,27]","{""id"":""widespread-block-scattered-cells"",""type"":""map"",""label"":""Block scattered interior cells"",""changes"":[{""cell"":[2,4],""blocked"":true},{""cell"":[2,11],""blocked"":true},{""cell"":[2,20],""blocked"":true},{""cell"":[4,7],""blocked"":true},{""cell"":[4,16],""blocked"":true},{""cell"":[5,24],""blocked"":true},{""cell"":[7,3],""blocked"":true},{""cell"":[7,12],""blocked"":true},{""cell"":[7,21],""blocked"":true},{""cell"":[9,6],""blocked"":true},{""cell"":[9,18],""blocked"":true},{""cell"":[11,10],""blocked"":true},{""cell"":[12,23],""blocked"":true},{""cell"":[14,5],""blocked"":true},{""cell"":[15,14],""blocked"":true},{""cell"":[17,22],""blocked"":true}]}","[""............................"",""............................"",""....#......#........#......."",""............................"","".......#........#..........."",""........................#..."",""............................"",""...#........#........#......"",""............................"",""......#...........#........."",""............................"",""..........#................."","".......................#...."",""............................"","".....#......................"",""..............#............."",""............................"",""......................#....."",""............................"",""............................""]",2.441300000,1.411400000,found,46,16,16,16,"[[0,0],[0,1],[0,2],[0,3],[0,4],[0,5],[0,6],[0,7],[0,8],[0,9],[0,10],[0,11],[0,12],[0,13],[0,14],[0,15],[0,16],[0,17],[0,18],[0,19],[0,20],[0,21],[0,22],[0,23],[0,24],[0,25],[0,26],[0,27],[1,27],[2,27],[3,27],[4,27],[5,27],[6,27],[7,27],[8,27],[9,27],[10,27],[11,27],[12,27],[13,27],[14,27],[15,27],[16,27],[17,27],[18,27],[19,27]]",6.071100000,6.030300000,found,46,544,544,544,"[[0,0],[0,1],[0,2],[0,3],[0,4],[0,5],[0,6],[0,7],[0,8],[0,9],[0,10],[0,11],[0,12],[0,13],[0,14],[0,15],[0,16],[0,17],[0,18],[0,19],[0,20],[0,21],[0,22],[0,23],[0,24],[0,25],[0,26],[0,27],[1,27],[2,27],[3,27],[4,27],[5,27],[6,27],[7,27],[8,27],[9,27],[10,27],[11,27],[12,27],[13,27],[14,27],[15,27],[16,27],[17,27],[18,27],[19,27]]"
widespread-changes,4,repair,widespread-restore-scattered-cells,map,Restore the scattered interior cells,2,"[0,0]","[19,27]","{""id"":""widespread-restore-scattered-cells"",""type"":""map"",""label"":""Restore the scattered interior cells"",""changes"":[{""cell"":[2,4],""blocked"":false},{""cell"":[2,11],""blocked"":false},{""cell"":[2,20],""blocked"":false},{""cell"":[4,7],""blocked"":false},{""cell"":[4,16],""blocked"":false},{""cell"":[5,24],""blocked"":false},{""cell"":[7,3],""blocked"":false},{""cell"":[7,12],""blocked"":false},{""cell"":[7,21],""blocked"":false},{""cell"":[9,6],""blocked"":false},{""cell"":[9,18],""blocked"":false},{""cell"":[11,10],""blocked"":false},{""cell"":[12,23],""blocked"":false},{""cell"":[14,5],""blocked"":false},{""cell"":[15,14],""blocked"":false},{""cell"":[17,22],""blocked"":false}]}","[""............................"",""............................"",""............................"",""............................"",""............................"",""............................"",""............................"",""............................"",""............................"",""............................"",""............................"",""............................"",""............................"",""............................"",""............................"",""............................"",""............................"",""............................"",""............................"",""............................""]",2.277400000,1.247200000,found,46,16,16,16,"[[0,0],[0,1],[0,2],[0,3],[0,4],[0,5],[0,6],[0,7],[0,8],[0,9],[0,10],[0,11],[0,12],[0,13],[0,14],[0,15],[0,16],[0,17],[0,18],[0,19],[0,20],[0,21],[0,22],[0,23],[0,24],[0,25],[0,26],[0,27],[1,27],[2,27],[3,27],[4,27],[5,27],[6,27],[7,27],[8,27],[9,27],[10,27],[11,27],[12,27],[13,27],[14,27],[15,27],[16,27],[17,27],[18,27],[19,27]]",6.242000000,6.201600000,found,46,560,560,560,"[[0,0],[0,1],[0,2],[0,3],[0,4],[0,5],[0,6],[0,7],[0,8],[0,9],[0,10],[0,11],[0,12],[0,13],[0,14],[0,15],[0,16],[0,17],[0,18],[0,19],[0,20],[0,21],[0,22],[0,23],[0,24],[0,25],[0,26],[0,27],[1,27],[2,27],[3,27],[4,27],[5,27],[6,27],[7,27],[8,27],[9,27],[10,27],[11,27],[12,27],[13,27],[14,27],[15,27],[16,27],[17,27],[18,27],[19,27]]"
widespread-changes,5,initial,initial,initial,Initial planning,0,"[0,0]","[19,27]",{},"[""............................"",""............................"",""............................"",""............................"",""............................"",""............................"",""............................"",""............................"",""............................"",""............................"",""............................"",""............................"",""............................"",""............................"",""............................"",""............................"",""............................"",""............................"",""............................"",""............................""]",29.384700000,29.297200001,found,46,560,1073,1073,"[[0,0],[0,1],[0,2],[0,3],[0,4],[0,5],[0,6],[0,7],[0,8],[0,9],[0,10],[0,11],[0,12],[0,13],[0,14],[0,15],[0,16],[0,17],[0,18],[0,19],[0,20],[0,21],[0,22],[0,23],[0,24],[0,25],[0,26],[0,27],[1,27],[2,27],[3,27],[4,27],[5,27],[6,27],[7,27],[8,27],[9,27],[10,27],[11,27],[12,27],[13,27],[14,27],[15,27],[16,27],[17,27],[18,27],[19,27]]",6.147400000,6.138700000,found,46,560,560,560,"[[0,0],[0,1],[0,2],[0,3],[0,4],[0,5],[0,6],[0,7],[0,8],[0,9],[0,10],[0,11],[0,12],[0,13],[0,14],[0,15],[0,16],[0,17],[0,18],[0,19],[0,20],[0,21],[0,22],[0,23],[0,24],[0,25],[0,26],[0,27],[1,27],[2,27],[3,27],[4,27],[5,27],[6,27],[7,27],[8,27],[9,27],[10,27],[11,27],[12,27],[13,27],[14,27],[15,27],[16,27],[17,27],[18,27],[19,27]]"
widespread-changes,5,repair,widespread-block-scattered-cells,map,Block scattered interior cells,1,"[0,0]","[19,27]","{""id"":""widespread-block-scattered-cells"",""type"":""map"",""label"":""Block scattered interior cells"",""changes"":[{""cell"":[2,4],""blocked"":true},{""cell"":[2,11],""blocked"":true},{""cell"":[2,20],""blocked"":true},{""cell"":[4,7],""blocked"":true},{""cell"":[4,16],""blocked"":true},{""cell"":[5,24],""blocked"":true},{""cell"":[7,3],""blocked"":true},{""cell"":[7,12],""blocked"":true},{""cell"":[7,21],""blocked"":true},{""cell"":[9,6],""blocked"":true},{""cell"":[9,18],""blocked"":true},{""cell"":[11,10],""blocked"":true},{""cell"":[12,23],""blocked"":true},{""cell"":[14,5],""blocked"":true},{""cell"":[15,14],""blocked"":true},{""cell"":[17,22],""blocked"":true}]}","[""............................"",""............................"",""....#......#........#......."",""............................"","".......#........#..........."",""........................#..."",""............................"",""...#........#........#......"",""............................"",""......#...........#........."",""............................"",""..........#................."","".......................#...."",""............................"","".....#......................"",""..............#............."",""............................"",""......................#....."",""............................"",""............................""]",2.416200000,1.413999999,found,46,16,16,16,"[[0,0],[0,1],[0,2],[0,3],[0,4],[0,5],[0,6],[0,7],[0,8],[0,9],[0,10],[0,11],[0,12],[0,13],[0,14],[0,15],[0,16],[0,17],[0,18],[0,19],[0,20],[0,21],[0,22],[0,23],[0,24],[0,25],[0,26],[0,27],[1,27],[2,27],[3,27],[4,27],[5,27],[6,27],[7,27],[8,27],[9,27],[10,27],[11,27],[12,27],[13,27],[14,27],[15,27],[16,27],[17,27],[18,27],[19,27]]",6.047500000,6.008200000,found,46,544,544,544,"[[0,0],[0,1],[0,2],[0,3],[0,4],[0,5],[0,6],[0,7],[0,8],[0,9],[0,10],[0,11],[0,12],[0,13],[0,14],[0,15],[0,16],[0,17],[0,18],[0,19],[0,20],[0,21],[0,22],[0,23],[0,24],[0,25],[0,26],[0,27],[1,27],[2,27],[3,27],[4,27],[5,27],[6,27],[7,27],[8,27],[9,27],[10,27],[11,27],[12,27],[13,27],[14,27],[15,27],[16,27],[17,27],[18,27],[19,27]]"
widespread-changes,5,repair,widespread-restore-scattered-cells,map,Restore the scattered interior cells,2,"[0,0]","[19,27]","{""id"":""widespread-restore-scattered-cells"",""type"":""map"",""label"":""Restore the scattered interior cells"",""changes"":[{""cell"":[2,4],""blocked"":false},{""cell"":[2,11],""blocked"":false},{""cell"":[2,20],""blocked"":false},{""cell"":[4,7],""blocked"":false},{""cell"":[4,16],""blocked"":false},{""cell"":[5,24],""blocked"":false},{""cell"":[7,3],""blocked"":false},{""cell"":[7,12],""blocked"":false},{""cell"":[7,21],""blocked"":false},{""cell"":[9,6],""blocked"":false},{""cell"":[9,18],""blocked"":false},{""cell"":[11,10],""blocked"":false},{""cell"":[12,23],""blocked"":false},{""cell"":[14,5],""blocked"":false},{""cell"":[15,14],""blocked"":false},{""cell"":[17,22],""blocked"":false}]}","[""............................"",""............................"",""............................"",""............................"",""............................"",""............................"",""............................"",""............................"",""............................"",""............................"",""............................"",""............................"",""............................"",""............................"",""............................"",""............................"",""............................"",""............................"",""............................"",""............................""]",2.264300000,1.237300000,found,46,16,16,16,"[[0,0],[0,1],[0,2],[0,3],[0,4],[0,5],[0,6],[0,7],[0,8],[0,9],[0,10],[0,11],[0,12],[0,13],[0,14],[0,15],[0,16],[0,17],[0,18],[0,19],[0,20],[0,21],[0,22],[0,23],[0,24],[0,25],[0,26],[0,27],[1,27],[2,27],[3,27],[4,27],[5,27],[6,27],[7,27],[8,27],[9,27],[10,27],[11,27],[12,27],[13,27],[14,27],[15,27],[16,27],[17,27],[18,27],[19,27]]",6.267400000,6.226100000,found,46,560,560,560,"[[0,0],[0,1],[0,2],[0,3],[0,4],[0,5],[0,6],[0,7],[0,8],[0,9],[0,10],[0,11],[0,12],[0,13],[0,14],[0,15],[0,16],[0,17],[0,18],[0,19],[0,20],[0,21],[0,22],[0,23],[0,24],[0,25],[0,26],[0,27],[1,27],[2,27],[3,27],[4,27],[5,27],[6,27],[7,27],[8,27],[9,27],[10,27],[11,27],[12,27],[13,27],[14,27],[15,27],[16,27],[17,27],[18,27],[19,27]]"
